,age,isoline,replicate,seqrun,simpson,shannon,LactoAcetoRatio,RotAxis1,RotAxis2,OriAxis1,OriAxis2
E10A.fastq.gz,Early,10,A,1,0.977022039260249,4.027900074508,1.31948751105071e-05,-0.187865100821462,-0.1320179384268,-0.226177669741275,-0.0395688499141327
E10B.fastq.gz,Early,10,B,1,0.989677699611324,4.8729860067993,0,-0.187089019861851,-0.0634412882825139,-0.196305456007773,0.0221645291714775
E10C.fastq.gz,Early,10,C,1,0.981843823497872,4.39838529621045,9.05974904495146e-05,-0.220002882587071,-0.159342697467073,-0.266886014611558,-0.0506282410069991
E11A.fastq.gz,Early,11,A,1,0.984929132215238,4.52205249952181,0,-0.323632433704327,-0.134951657181682,-0.350298213877122,0.015526212544137
E11B.fastq.gz,Early,11,B,1,0.987430500768354,4.70104799545524,0.00236075390580016,-0.0834084632000615,-0.189239206477662,-0.155981640689013,-0.135787248185
E11C.fastq.gz,Early,11,C,1,0.987607716272722,4.70737171016415,0.00474781920605912,-0.291507063991833,-0.199409698923619,-0.34864193896591,-0.0564747268788198
E12A.fastq.gz,Early,12,A,1,0.981797216819935,4.29653195950293,5.7374541003672e-05,-0.00629641191883014,0.092886460988276,0.0338118888975225,0.086742697716636
E12B.fastq.gz,Early,12,B,1,0.981089013374463,4.2478940787574,0,0.0361060227556498,0.144622489018527,0.0941935931426582,0.115528681374024
E12C.fastq.gz,Early,12,C,1,0.983468522665156,4.33202243871544,0,-0.023962195532922,0.0966759922866841,0.0194358553692692,0.0976866512141646
E14A.fastq.gz,Early,14,A,1,0.981434740407487,4.32533355237516,1.05430737277146e-05,-0.315908970713698,-0.222538303311732,-0.380564252442117,-0.0670270391814042
E14B.fastq.gz,Early,14,B,1,0.978590330725193,4.1139293367351,4.29307384087006e-05,-0.112832525311489,-0.0772064654223982,-0.134956739868917,-0.0218791095600622
E14D.fastq.gz,Early,14,D,1,0.976600370594415,4.10245743588554,5.26555972899919e-05,-0.2579293420632,-0.157743846456785,-0.300530270272768,-0.0330488009149269
E15A.fastq.gz,Early,15,A,1,0.990486967149292,5.04595486477436,0.139155146669236,-0.147379815819382,-0.264412697191636,-0.245853112737021,-0.176610111558281
E15C.fastq.gz,Early,15,C,1,0.992848123771013,5.24666868267673,0.0850340136054422,-0.13271425273462,-0.208625738504606,-0.208850826211462,-0.132359752327853
E15D.fastq.gz,Early,15,D,1,0.990373498124984,4.99538213460154,0.0336686738140696,-0.182208772032104,-0.233537355474084,-0.264240973071357,-0.133852310990802
E17A.fastq.gz,Early,17,A,1,0.990177288826184,4.98690484826994,0.000152160681679854,-0.332315390588045,-0.186936825485495,-0.380268966101729,-0.027828204473181
E17B.fastq.gz,Early,17,B,1,0.985093335505335,4.52715805095995,0.0016819488904563,-0.239796008075682,-0.18917394362885,-0.297488315180156,-0.0692069994176578
E17C.fastq.gz,Early,17,C,1,0.990131953157132,4.96012394594825,6.78978815860945e-05,-0.304788302117963,-0.157343843728229,-0.342768594145126,-0.0127548083050318
E17D.fastq.gz,Early,17,D,1,0.981275367371281,4.4187555043088,0.00224719101123595,-0.287598869318773,-0.209759734770957,-0.349507433200965,-0.0675041487754021
E19A.fastq.gz,Early,19,A,1,0.981966447022495,4.32433682816371,0,-0.316327504038144,-0.156091728849841,-0.352679244370307,-0.00671328658136788
E19B.fastq.gz,Early,19,B,1,0.984742866970259,4.47387746209575,4.0987806127677e-05,-0.291219492272662,-0.150010154276069,-0.327369033126117,-0.011889289951385
E19C.fastq.gz,Early,19,C,1,0.983770009955202,4.40358121078759,1.8737118231216e-05,-0.31490625603366,-0.174381721997606,-0.359172833572862,-0.0238707075560945
E19D.fastq.gz,Early,19,D,1,0.987163629793296,4.6462447219321,0,-0.324053886222445,-0.145416175778444,-0.355130837953193,0.00623484471015239
E20A.fastq.gz,Early,20,A,1,0.980497879158307,4.30657615443951,0,-0.250768517356293,-0.135763838910526,-0.284700113125759,-0.0162023096803207
E20B.fastq.gz,Early,20,B,1,0.979938817837369,4.27266856883092,0.00143276654194098,-0.153509428662863,-0.128267457653031,-0.193489663371384,-0.0507881437896623
E20C.fastq.gz,Early,20,C,1,0.976204905020085,3.99260695658957,2.58302265310867e-05,-0.130422488269139,-0.077787649537495,-0.151123286396137,-0.0149230082662049
E22A.fastq.gz,Early,22,A,1,0.978692458820554,4.15903310401087,0.000200498740617285,-0.129206422016576,-0.116078651438397,-0.166310221828179,-0.0500945398775587
E22B.fastq.gz,Early,22,B,1,0.979993892747154,4.21656947698022,0.000255049989798,-0.0299326802656526,-0.153527907177138,-0.0923945906887334,-0.12621419587962
E22D.fastq.gz,Early,22,D,1,0.979918062287012,4.23167148285602,0.000497520422410888,-0.0844396056965772,-0.200609089763485,-0.161751155602347,-0.145638654097162
E23B.fastq.gz,Early,23,B,1,0.986477691142464,4.61640420539027,0.000456467422640784,-0.25856116140982,-0.198609613148117,-0.318484790856224,-0.0697645369633211
E23C.fastq.gz,Early,23,C,1,0.980391818863826,4.23751243753241,0.000271846243764527,-0.246630614086928,-0.175838544849737,-0.298001435187786,-0.0542309716470933
E23D.fastq.gz,Early,23,D,1,0.978721464995628,4.13801302310819,0.000111372748679437,-0.158150465991476,-0.118745659193678,-0.193639709108654,-0.0401965735726046
E24A.fastq.gz,Early,24,A,1,0.989031918640194,4.85060977020978,0,-0.179775245366731,-0.140711347755553,-0.222553997312034,-0.0508777015428905
E24B.fastq.gz,Early,24,B,1,0.988643286920047,4.93807821496275,0.000157878118092832,-0.222269782047214,-0.0938032683492518,-0.241059686079604,0.0096507466820112
E24C.fastq.gz,Early,24,C,1,0.986281944951721,4.62196642587458,0,-0.0123998762930588,-0.107017887036034,-0.0567434323550185,-0.0915792987651241
E6A.fastq.gz,Early,6,A,1,0.979061687866566,4.16903493065113,0,-0.347401001959706,-0.158950864718136,-0.38201766177744,0.00391658618548765
E6B.fastq.gz,Early,6,B,1,0.978016693133842,4.10976342094875,0.000518806744487678,-0.262806072627413,-0.179754501557264,-0.314306304362206,-0.0508945938005011
E6D.fastq.gz,Early,6,D,1,0.987619379523379,4.69885689453689,0.0278365045806906,-0.217362532881401,-0.190234889353571,-0.277636773499473,-0.0797095090236171
L10A.fastq.gz,Late,10,A,1,0.987245996245014,4.60621455535651,0.00134202783847491,0.228846620081661,-0.118575796799615,0.156674079157206,-0.204656365719968
L10B.fastq.gz,Late,10,B,1,0.986755187815936,4.56473753210909,0.00218208963794539,0.251370605596532,-0.113586418229269,0.179181107661722,-0.209721688008751
L10C.fastq.gz,Late,10,C,1,0.988999311907581,4.71887673196317,0.000390675869253809,0.18842444750699,-0.0623246583304104,0.144018103276477,-0.136553730754465
L10D.fastq.gz,Late,10,D,1,0.98711742344891,4.5753249218781,0.00239400725924782,0.237857705877124,-0.0876151253894093,0.177998791861314,-0.180469189996639
L11A.fastq.gz,Late,11,A,1,0.989069456092113,4.8701421120193,0.026022232962784,-0.189341435056754,-0.25089292124468,-0.278078585403703,-0.146525551696335
L11B.fastq.gz,Late,11,B,1,0.990009073639272,4.82461588241569,0.0153525333934509,0.0573558456519662,-0.0917047020741688,0.0129007831475904,-0.107391876821029
L11C.fastq.gz,Late,11,C,1,0.987474397796468,4.68278484272677,0.00933106877570648,0.0824318261608266,-0.0467830468124465,0.054703066337562,-0.077403061738749
L11D.fastq.gz,Late,11,D,1,0.991802354514027,5.0464768261758,0.00253566614618783,-0.0927870494846652,-0.157143007327003,-0.150817007710794,-0.102750141065629
L12A.fastq.gz,Late,12,A,1,0.990729059819776,4.90245618342721,0.00597345343855263,-0.0327807025946639,-0.0577987425987673,-0.0542526518402975,-0.0383655949633761
L12B.fastq.gz,Late,12,B,1,0.989706355373254,4.82629645520919,0.00413737981616869,0.122471949419931,-0.128669689167194,0.0561089313797898,-0.16854392639463
L12C.fastq.gz,Late,12,C,1,0.989428638676099,4.75763340571092,0.00565308254963427,0.0942836074955476,0.00208706099128236,0.0862166541120795,-0.0382157430867679
L12D.fastq.gz,Late,12,D,1,0.987645999404655,4.61681959470986,0.0041623133699572,0.156179821396208,-0.0719402625277197,0.110745848030709,-0.131540469544045
L14A.fastq.gz,Late,14,A,1,0.984677078584909,4.44275606441238,0.000503657238355788,0.0729899227441484,-0.0813567617007715,0.0314516051830423,-0.104676874370813
L14B.fastq.gz,Late,14,B,1,0.986080651856738,4.56254295570966,0.00159672989717059,0.0879794497782791,-0.160754405383119,0.0112448102110124,-0.182909586071062
L14C.fastq.gz,Late,14,C,1,0.984378140798528,4.45058719350987,0.000235161320665977,0.0460715199773864,-0.0836470578114021,0.00611560970172564,-0.09529960415189
L14D.fastq.gz,Late,14,D,1,0.985172448515917,4.47495112462907,0.00106343696920464,0.0645132934112461,-0.110002040866306,0.0115954661294345,-0.126995902243967
L15A.fastq.gz,Late,15,A,1,0.979608800430597,4.24956438133672,0.00715130511318316,-0.13387239104014,-0.227068672996744,-0.217743876465108,-0.148558418143349
L15B.fastq.gz,Late,15,B,1,0.984986817552955,4.55737515941762,0.00323650393801218,-0.141532468068039,-0.242912266171085,-0.231415676584107,-0.159638946391295
L15C.fastq.gz,Late,15,C,1,0.975871162410342,4.00702218633741,0.00575409092782655,0.00884029245671792,-0.19554596089918,-0.0751769786120159,-0.180734046270957
L17A.fastq.gz,Late,17,A,1,0.992244100933595,5.10628152975344,0.0184410069760388,0.212181623258377,-0.0554985414299871,0.168422475283444,-0.140481312525238
L17B.fastq.gz,Late,17,B,1,0.991762487967134,5.06281318743986,0.016857604419726,0.212656051560742,-0.124529564481035,0.139488729493764,-0.203157827905933
L17C.fastq.gz,Late,17,C,1,0.990938984584466,4.9233187594763,0.00648005523981516,0.199354363733024,-0.118009568083571,0.130223739835665,-0.191599055534945
L17D.fastq.gz,Late,17,D,1,0.987602545587712,4.63022749958074,0.00317013463892289,0.266431680428865,-0.13983162852598,0.181648044792124,-0.239880621342315
L19A.fastq.gz,Late,19,A,1,0.986606306454609,4.60823871142272,0.00348262473096183,0.148480173182907,-0.0706715035601253,0.104317164663151,-0.127117081466323
L19B.fastq.gz,Late,19,B,1,0.987064617283756,4.59472786790206,0.00153605015673981,0.145554756222821,-0.103764121262771,0.0875932793910679,-0.155822326147565
L19C.fastq.gz,Late,19,C,1,0.987260966812767,4.63675437756802,0.00269377588867531,0.207072167862635,-0.0993341721238847,0.145152323210473,-0.177980233513364
L19D.fastq.gz,Late,19,D,1,0.989029134063748,4.7489620771939,0.00139486732414319,0.158515838709766,-0.125594256462322,0.0900376750511293,-0.181092256735542
L20A.fastq.gz,Late,20,A,1,0.982683799374564,4.33368238579266,0.000135788387377112,0.144325286233387,-0.0672402581984016,0.102016411933818,-0.122244395638763
L20B.fastq.gz,Late,20,B,1,0.983785557162094,4.36965078134844,0.000873150082341369,0.216711100589233,-0.0990926811775762,0.153978506651795,-0.181861705894454
L20CD.fastq.gz,Late,20,CD,1,0.98807436057438,4.69738428673266,0.000104806422537573,-0.118330321148135,-0.165225295230549,-0.177372165181494,-0.0991996880331363
L22A.fastq.gz,Late,22,A,1,0.987735379952644,4.6647153820213,0.00922947419054204,0.15562426368363,-0.154434703571828,0.0751531256615998,-0.205963581289708
L22B.fastq.gz,Late,22,B,1,0.989200840614185,4.79263643411044,0.0207962613462748,0.146559646948504,-0.12204539036877,0.0807265878511509,-0.172794749451035
L22C.fastq.gz,Late,22,C,1,0.987655871925949,4.71656455717216,0.097017179200199,0.105731859531682,-0.217072108090681,0.00335579958514793,-0.241429627096809
L22D.fastq.gz,Late,22,D,1,0.987283689888813,4.63454890497064,0.0158135722562958,0.0998473424722052,-0.104853473422135,0.0457636185248989,-0.137366058060046
L23A.fastq.gz,Late,23,A,1,0.987411983071538,4.57440385831876,0.00132451680608055,0.198907727723268,-0.106577141510722,0.134682433658743,-0.181062456915806
L23D.fastq.gz,Late,23,D,1,0.98707353224599,4.54942715475679,0.000585998379153419,0.187874185592229,0.000420849863818944,0.170209604085682,-0.0795334986250852
L24A.fastq.gz,Late,24,A,1,0.98068185521953,4.22466749350284,0.00445823254401284,0.105889253864756,-0.0322171229922815,0.082128372350413,-0.0741984336290625
L24B.fastq.gz,Late,24,B,1,0.980479452751458,4.22621904722739,0.00471518853716554,0.0701233957262259,0.00405106947999443,0.0651865027109276,-0.0261614536374958
L6A.fastq.gz,Late,6,A,1,0.986964182099968,4.61479706318872,0.00311175492247438,0.1263364358443,-0.140197954072798,0.054702707288512,-0.180621081724551
L6B.fastq.gz,Late,6,B,1,0.985938372451431,4.54104234941532,0.00348521786903822,0.0935218140782484,-0.0771383675143013,0.051827794441532,-0.109592596349316
L6C.fastq.gz,Late,6,C,1,0.983523148051241,4.44159322980429,0.00301248507704152,0.0382881100325155,-0.181058608586394,-0.0423636490483379,-0.180148606301609
L6D.fastq.gz,Late,6,D,1,0.98090729969156,4.28684719993396,0.00268952523407499,0.055149977009272,-0.169302952558045,-0.022102860531042,-0.176681841923103
E22C.fastq.gz,Early,22,C,2,0.979282072585714,4.08825052270893,0.000302211812704229,0.113800507468827,0.0613068887187009,0.1290697245948,0.0070778738016535
E23A.fastq.gz,Early,23,A,2,0.981845049062091,4.19660325348991,0.000221278102318995,-0.0579181718249368,0.0772720759285942,-0.0195487799701556,0.0945691997826764
E25A.fastq.gz,Early,25,A,2,0.990502835189456,4.89820997908074,0.00543792664584056,0.03121391695989,0.214669054614736,0.119561208428677,0.181003395162184
E25B.fastq.gz,Early,25,B,2,0.987904127814605,4.77801221038543,0.0123133604808997,-0.0225450804578012,0.0853779047071894,0.0159126106897331,0.0868588284866635
E25C.fastq.gz,Early,25,C,2,0.987007535111611,4.61822034423757,0,0.0246164519723009,0.185694170519338,0.101265556518403,0.157586743527454
E25D.fastq.gz,Early,25,D,2,0.988216587583568,4.70002389051375,0.000566188688534679,0.00597835812571285,0.246301241972572,0.11017753282645,0.220365500528979
E26A.fastq.gz,Early,26,A,2,0.988459255852565,4.79391585990876,0,0.0288986495219674,0.0747001244841536,0.0579284928613984,0.0553130206818293
E26B.fastq.gz,Early,26,B,2,0.989090380323461,4.78190517153203,7.48609457931892e-06,0.13312607361087,0.170289615169111,0.192916836746985,0.0974894794786998
E26C.fastq.gz,Early,26,C,2,0.991994824108104,5.0988119763905,0.000163688040356542,0.108225142338135,0.155442364660524,0.164065460349954,0.0946442543714223
E26D.fastq.gz,Early,26,D,2,0.987335899140538,4.63769088699663,0.000502994239292391,-0.00114041927690276,0.154638249910807,0.064744995766676,0.140436371409893
E27A.fastq.gz,Early,27,A,2,0.977816855845852,4.2418131374042,0,-0.26510336342776,-0.0343658808421023,-0.254542737561721,0.0816627321447764
E27B.fastq.gz,Early,27,B,2,0.991509736840451,5.06526935072494,0.000597996711018089,-0.237423785616584,-0.0209816318148749,-0.223798924166289,0.0820019779769743
E27C.fastq.gz,Early,27,C,2,0.989630101486806,4.89304843716716,0.000443721342996598,-0.176838061304853,0.0201744734334037,-0.151461199837432,0.0934784159481721
E28A.fastq.gz,Early,28,A,2,0.990836772455817,4.94499172225755,0.0001318391562294,-0.139732069288007,0.127871174578852,-0.0720694060309037,0.175163036026544
E28B.fastq.gz,Early,28,B,2,0.991530056107787,5.04187636035983,0,-0.164807937645426,0.143961654666373,-0.0879193962860089,0.200391601824833
E28C.fastq.gz,Early,28,C,2,0.990055573600083,4.88946363123355,0.000830075914215427,-0.14080216278638,0.100118312262626,-0.0848428551581842,0.150501214029144
E28D.fastq.gz,Early,28,D,2,0.986309523809524,4.73491806469488,0,-0.2089571122066,0.0177783614720075,-0.181548915096264,0.104972073932644
E29A.fastq.gz,Early,29,A,2,0.992394354896469,5.2060452292671,0.00306097603394901,-0.0942838045461599,-0.0452870712385311,-0.104592438046664,-0.000881206285154864
E29B.fastq.gz,Early,29,B,2,0.994659739967311,5.43669059297199,0.000543248626788193,-0.0175482639519468,0.170354424685806,0.0565805574570731,0.161639141595116
E29C.fastq.gz,Early,29,C,2,0.989736799129884,4.85302768961379,0.00104998480285154,-0.0230871513572121,0.0355235466370919,-0.00578408289607443,0.0419700286933403
E29D.fastq.gz,Early,29,D,2,0.993941198817517,5.37626592241341,0.000135370661793323,-0.146985437198913,0.0925480174663751,-0.0936589742792752,0.146280042461254
E30A.fastq.gz,Early,30,A,2,0.980480159744712,4.11140067649915,0,-0.134420953003004,0.200240974531781,-0.0364794193135279,0.23840027779812
E30B.fastq.gz,Early,30,B,2,0.981617790590776,4.19837357220178,0,-0.194241940774285,-0.00461454588219246,-0.177756408770828,0.078446699932873
E30C.fastq.gz,Early,30,C,2,0.982844327967106,4.32423568056454,0,-0.109995863005149,0.200399304603675,-0.0143067864882475,0.228154086144131
E30D.fastq.gz,Early,30,D,2,0.980536351620669,4.09263422367455,7.09899549213786e-06,-0.124184028304156,0.172815172880076,-0.0388806300791556,0.209224887305659
E31A.fastq.gz,Early,31,A,2,0.983827619457897,4.37100079506048,0,-0.0624936462567321,0.183323577688486,0.0214204948907863,0.192494551501079
E31B.fastq.gz,Early,31,B,2,0.982105485454971,4.28536998371329,0,-0.102623442661321,0.112171885745026,-0.0451630867871258,0.145170239812143
E31C.fastq.gz,Early,31,C,2,0.985621410763237,4.46058763698671,0,-0.0622571178256181,0.119970083010403,-0.00531355598092071,0.135057527225674
E31D.fastq.gz,Early,31,D,2,0.974376731301939,3.87677266891028,0,-0.0527010904962023,0.0562809045955967,-0.023756026278106,0.0733525485382853
E33A.fastq.gz,Early,33,A,2,0.992348000172393,5.14393329404661,0,-0.207596220622831,0.0582839062585078,-0.163087791257928,0.141051681621469
E33B.fastq.gz,Early,33,B,2,0.992677355764385,5.31045619683566,0,-0.24683643448289,0.0316501941802381,-0.209930060990328,0.133638803019445
E33C.fastq.gz,Early,33,C,2,0.991875060186371,5.11301324004891,0,-0.170110802092309,-0.00969491113982814,-0.158078146270129,0.063584400306188
E33D.fastq.gz,Early,33,D,2,0.991912028796497,5.06738585131396,0,-0.173484477629267,0.132271577235586,-0.100744375281137,0.193502467611922
E35A.fastq.gz,Early,35,A,2,0.988943062673961,5.03292873498536,0.00524109014675052,-0.295489956437748,0.0617103075299868,-0.24117624745544,0.181539235633347
E35B.fastq.gz,Early,35,B,2,0.986461833323951,4.74062976532077,0.00253592561284869,-0.305051357095536,-0.0766178676570428,-0.308668971939775,0.0604160067513781
E35C.fastq.gz,Early,35,C,2,0.989039675838096,4.90018207573098,0.00273473108477666,-0.344313077418868,-0.0563568590489806,-0.335583513688386,0.0954531098711532
E35D.fastq.gz,Early,35,D,2,0.992292940032062,5.23516063863142,0.00753138075313808,-0.272632681026367,0.133956202008769,-0.189759275427732,0.237200885768543
E36A.fastq.gz,Early,36,A,2,0.992537505972711,5.06415657265532,0.00595679012345679,-0.0167886208616949,0.249868187814161,0.091090117374469,0.233277859190872
E36B.fastq.gz,Early,36,B,2,0.987607666098033,4.66440920583822,0.00926578708832712,0.0307000356102922,0.164732173749968,0.0978549250635898,0.13602791954471
E36C.fastq.gz,Early,36,C,2,0.987768398597952,4.65248726514461,0.0194848084544254,0.0532531178350127,0.155176541811148,0.114201404531255,0.117786641393264
E36D.fastq.gz,Early,36,D,2,0.984561229303571,4.4849747642391,0.0163354737938216,-0.0535669805924949,0.204942434420631,0.0386951604357601,0.208263072566651
E38A.fastq.gz,Early,38,A,2,0.987027572788521,4.68220056696296,0,-0.179446096768899,0.197479993537819,-0.0784026556189767,0.255053471031433
E38B.fastq.gz,Early,38,B,2,0.991367014670016,4.99629459323017,0,-0.213339270125627,0.21101582561197,-0.103319163874826,0.281720558732662
E38C.fastq.gz,Early,38,C,2,0.987351113002959,4.58885931092189,0,-0.0799571867885022,0.177748658377968,0.00324422276072549,0.194877428895646
E38D.fastq.gz,Early,38,D,2,0.990549901403215,4.8701932365119,3.06475834380459e-05,-0.178829299906499,0.188726386247376,-0.0815678842139605,0.246868887541343
E39A.fastq.gz,Early,39,A,2,0.992341657375989,5.04415952673821,0,-0.00789263249624886,0.331982875399197,0.134069594803021,0.303809589966139
E39B.fastq.gz,Early,39,B,2,0.991032219410107,4.91081204057741,0,-0.00524151870228997,0.343858267093821,0.141520245769653,0.313429420132139
E39C.fastq.gz,Early,39,C,2,0.993209743763434,5.12891460283493,2.21691804054004e-05,0.0242063000302334,0.355131601760756,0.172966458170946,0.311106097462123
E39D.fastq.gz,Early,39,D,2,0.992313686687514,5.01440405002625,0,0.00376866791640577,0.355246702062937,0.154518875896018,0.319903640454885
L23B.fastq.gz,Late,23,B,2,0.989497863434891,4.70789981141259,0.00304399294566714,0.175653076927873,0.0280844807202174,0.170916244635484,-0.0492988723122224
L24C.fastq.gz,Late,24,C,2,0.985340005846642,4.46088102352478,0.0128045404208195,0.131531549247782,0.109822032643122,0.165753194579812,0.0434431328057235
L25A.fastq.gz,Late,25,A,2,0.992985675190917,5.1185745048961,0.00183366077275704,0.190842342617162,0.115381283675225,0.221795557704261,0.0232458800823823
L25B.fastq.gz,Late,25,B,2,0.991930707201257,5.01734061338047,0.00180051302288871,0.194264755336919,0.0953493885353247,0.216372132583301,0.00366077881438682
L25C.fastq.gz,Late,25,C,2,0.987369017791957,4.62998715236018,0.00148813408871368,0.202035393903416,0.0585653273025849,0.207758234450456,-0.0329349961256529
L25D.fastq.gz,Late,25,D,2,0.98877301752809,4.70899120668208,0.00157380437846472,0.172419816191859,0.0452985854734491,0.175312278254311,-0.0323443960341293
L26A.fastq.gz,Late,26,A,2,0.987181559890363,4.62034670037441,0.00348412475414442,0.240116499885964,0.00749812483729383,0.220500534505331,-0.095350247385234
L26B.fastq.gz,Late,26,B,2,0.991052074903643,4.93511375031187,0.00295576129174097,0.188470811598381,0.0789729422044089,0.20416257229576,-0.00869577475283465
L26C.fastq.gz,Late,26,C,2,0.988745272768448,4.72828828768688,0.00308774771582597,0.17618211131948,0.0359806244841488,0.174753746010557,-0.04237770572526
L26D.fastq.gz,Late,26,D,2,0.988995112922581,4.74497197871166,0.00155643729311441,0.149330053387597,0.0822164975186873,0.1701189407961,0.0108886772105768
L27A.fastq.gz,Late,27,A,2,0.991266168153244,4.96083697486315,0.000525523732173996,0.111427152523904,0.0827953632665283,0.136062144143689,0.0275349855464608
L27B.fastq.gz,Late,27,B,2,0.98831242594919,4.61249004546819,0.000234879624192601,0.096147846591741,0.196599223696393,0.170641749917433,0.137029399573119
L27C.fastq.gz,Late,27,C,2,0.987968408224,4.62886499060317,0.00014269915450751,0.10171218333289,0.185430388592249,0.170926818122304,0.124554486464362
L28A.fastq.gz,Late,28,A,2,0.989870432690882,4.79863850158285,0.000157952930026852,0.153286820823661,0.133867925039822,0.195670419191894,0.0559513882398011
L28B.fastq.gz,Late,28,B,2,0.989194613052138,4.74752466501617,6.21156593577241e-05,0.129427141846367,0.150072052613684,0.180969450375947,0.080765488005903
L28C.fastq.gz,Late,28,C,2,0.991054442536142,4.90484916779541,0.000134043765289367,0.153808351000769,0.148741139417072,0.202468903783685,0.0691901611018325
L28D.fastq.gz,Late,28,D,2,0.993400120374024,5.23074747416753,0.00792005068832441,0.277888547600478,0.0271871052640909,0.263060060106875,-0.0935980147049667
L29A.fastq.gz,Late,29,A,2,0.990274122961464,4.86570440573302,0.00135746606334842,0.219344837011321,0.163381764313099,0.268008529846117,0.0545635992517605
L29B.fastq.gz,Late,29,B,2,0.989765270953352,4.77714865469285,0.00280849569949096,0.230883390113697,0.034208203701643,0.223505780911057,-0.0672495868405536
L29C.fastq.gz,Late,29,C,2,0.993216087068401,5.13804447052189,0.00229316998166521,0.201341882567348,0.154198524986702,0.247809236225661,0.0539103072249895
L29D.fastq.gz,Late,29,D,2,0.989574837522801,4.80386704182461,0.000702944036903151,0.207923794044125,0.163991698123804,0.257931657403039,0.0599736716614347
L30A.fastq.gz,Late,30,A,2,0.990718891430167,4.9372659190061,0.00224411395534594,0.144218473652695,0.0974212480588224,0.171960350003096,0.0268236042109241
L30B.fastq.gz,Late,30,B,2,0.991866903507266,5.03238719917639,0.000754310344827586,0.139096145702649,0.0945699150944356,0.166111675560424,0.026421919551949
L30C.fastq.gz,Late,30,C,2,0.990605429665805,4.8318467376071,0.000497107736804049,0.0370774510415058,0.16764770714743,0.104866791793878,0.135953841675714
L30D.fastq.gz,Late,30,D,2,0.991029844172605,4.87564459956799,9.52880080041927e-05,0.105851512095513,0.128073987491114,0.150275824613321,0.0708848744201951
L31A.fastq.gz,Late,31,A,2,0.990823053845371,5.02319723597614,0.0132462995780053,0.175214015058228,0.0223843546051501,0.168094271095484,-0.0542708616919968
L31B.fastq.gz,Late,31,B,2,0.985863773139214,4.50945218747933,0.0049016375425871,0.130890147899602,-0.00972465845829936,0.114322194368475,-0.0644766288982827
L31C.fastq.gz,Late,31,C,2,0.989140804470204,4.83027820686991,0.00821630762443938,0.171862292811406,0.030819057671877,0.168648677930955,-0.0452115631041107
L31D.fastq.gz,Late,31,D,2,0.990586114830755,5.02090180567271,0.0272966440084935,0.197752277971145,0.0346155337862215,0.193694601545776,-0.0527882558350339
L33A.fastq.gz,Late,33,A,2,0.9865468870037,4.54495797491752,0.000753614996938439,0.179822130742546,0.114951812510584,0.211639324415316,0.0275447683832356
L33B.fastq.gz,Late,33,B,2,0.98918845380635,4.79554708901232,0.00323876509917849,0.232900108728154,0.0235380416465925,0.220792286763074,-0.0777641701304324
L33C.fastq.gz,Late,33,C,2,0.988796675009662,4.76424328894245,0.00557404423956631,0.228814475844766,-0.00170327873375772,0.206358015359352,-0.0988702938779369
L33D.fastq.gz,Late,33,D,2,0.986683221282214,4.54061348333783,0.00233519961736488,0.208780403399317,0.0684152392044893,0.218052397666518,-0.0268896573215712
L35B.fastq.gz,Late,35,B,2,0.989224220733636,4.73865887647439,0.0055501474711959,0.19364521668416,0.0411958685857609,0.192776632447261,-0.0450859126056492
L35C.fastq.gz,Late,35,C,2,0.989714569428067,4.79380308698334,0,0.0894543678964743,0.0112128299567143,0.0857278253023816,-0.0279025350160215
L35D.fastq.gz,Late,35,D,2,0.990792540439521,4.8606402437409,0.00568131380381713,0.148119263687603,-0.00330914140563899,0.132643864162878,-0.0659990302363617
L36A.fastq.gz,Late,36,A,2,0.986682332696941,4.60244944301337,0.00304079736464228,0.18945160116543,0.105697634420417,0.216417855642773,0.015073515356456
L36B.fastq.gz,Late,36,B,2,0.988787664495031,4.76604072981987,0.00329280648429585,0.10697867602867,0.0301429183974242,0.109639863514866,-0.0182245159826686
L36C.fastq.gz,Late,36,C,2,0.9895778205064,4.86262140299955,0.00446283674131775,0.179808936833608,0.051022650900656,0.184434402564718,-0.0303070259306
L36D.fastq.gz,Late,36,D,2,0.987389467401572,4.70564201982303,0.00651548650922538,0.133501881901951,0.134094114031397,0.177860792537345,0.0645718388093069
L38A.fastq.gz,Late,38,A,2,0.992820184784718,5.15732353662629,0.005078953693737,0.215988642444303,-0.0118288319884718,0.19044331526348,-0.10257854845239
L38B.fastq.gz,Late,38,B,2,0.993918674780616,5.42310652023952,0.0672605573017605,0.194488557488162,0.0526971632830701,0.198432079685416,-0.0350356927094235
L38C.fastq.gz,Late,38,C,2,0.991232881936719,5.01014448097072,0.0123624486805757,0.202685421778946,0.0189699240436867,0.191504179222675,-0.0690462711533502
L38D.fastq.gz,Late,38,D,2,0.993880323532417,5.38154455044095,0.0166056214273726,0.187776217738911,0.0832106381815646,0.205336499580913,-0.00456510621692082
L39A.fastq.gz,Late,39,A,2,0.991229808538723,5.01009129287782,0.000859937654520047,-0.00217365155686604,0.0877452356918273,0.0353562072895535,0.0803361049205344
L39B.fastq.gz,Late,39,B,2,0.988932393995519,4.7596247713463,0.00602364421092137,0.172147883102363,0.0768747280459181,0.188497436358849,-0.00365156882730962
L39C.fastq.gz,Late,39,C,2,0.992487704704794,5.1236842663711,0.00574701095147192,0.191325993393358,0.0902581750597122,0.211546879003512,0.000303145078269411
L39D.fastq.gz,Late,39,D,2,0.98923112628136,4.74454408754165,0.00142483970553313,0.118526730151704,0.0868270489435271,0.144202352584235,0.0281638722101314
