PC3	Age	Acetobacter	Acinetobacter	Akkermansia	Altererythrobacter	Ameyamaea	Anaerobacillus	Bacillus	Brucella	Carnobacterium	Corynebacterium_1	Curvibacter	Cutibacterium	Enhydrobacter	Escherichia/Shigella	Gemella	Klebsiella	Lactobacillus	Lawsonella	Mangrovibacter	Massilia	Methylobacterium	Micrococcus	Paracoccus	Proteus	Pseudomonas	Ralstonia	Serratia	Sphingobium	Staphylococcus	Stenotrophomonas	Streptococcus	Wolbachia
low	Early	0.986477164759934	0	0	0	3.90457225410956e-05	0	6.50762042351594e-05	0	0.000195228612705478	0.000143167649317351	0	9.11066859292231e-05	0	2.60304816940637e-05	6.50762042351594e-05	0	0	5.20609633881275e-05	7.80914450821912e-05	0	1.30152408470319e-05	0	0	0	0.00190022516366665	0.00908463811122825	0.000338396262022829	0	9.11066859292231e-05	5.20609633881275e-05	2.60304816940637e-05	0
low	Early	0.595302957071928	0	0	0	0	0	0.00101058921745244	0	0.00120831319478009	0	0	0.00109846654070917	0	0.00138406784129355	0	0	0	0	0	0	0.000944681225009886	0	0	0	0.0206731402961466	0.363065161035195	0.00173557713432049	0	0	2.19693308141834e-05	0	0
low	Early	0.930330229095557	7.02316238956077e-05	0	0	1.40463247791215e-05	0	0	0	0	0.000154509572570337	0	0.000168555897349458	1.40463247791215e-05	0.000449482392931889	0	0	8.42779486747292e-05	0	0.000238787521245066	0	0	0	9.83242734538508e-05	8.42779486747293e-05	0.00554829828775301	0.0578146727908643	0.00126416923012094	0	8.42779486747293e-05	0	0.000603991965502226	0
high	Early	0.657338001245731	0.00244850619643893	0	0	0.00010739062265083	0	0	0	0	0.00199746558130544	2.1478124530166e-05	0.00167529371335295	0.000150346871711162	0.000837646856676475	0	0	0	0.00204042183036577	0.00378014991730922	0	0	0.0010739062265083	0	0	0.0200390901866449	0.273867565884147	0.00356536867200756	0	0.00369423741918856	0	0	0
high	Early	0.840497427377861	0	0.000451620187422378	0	4.83878772238262e-05	0	0.000290327263342957	0	0.000306456555750899	0	1.61292924079421e-05	0.000145163631671479	0	9.67757544476524e-05	0	0	0.00138711914708302	0	1.61292924079421e-05	0.00038710301779061	0	6.45171696317683e-05	1.61292924079421e-05	0	0.0128711753415378	0.134953789577251	0.00227423022951983	0	0	0	1.61292924079421e-05	0
high	Early	0.841857367144013	0.000222021345766529	0.00256910414386983	0	4.75760026642562e-05	0.000111010672883264	0.000412325356423553	0	0.000348890686204545	7.92933377737602e-05	0	0.000872226715511363	0	0.00201405077945351	0	6.34346702190082e-05	0.00374264554292148	0.000269597348430785	0.000840509380401859	0	0	0.000222021345766529	0	0	0.00984823255150102	0.120256276067685	0.00168101876080372	0.00141142141237293	0.000111010672883264	0.000222021345766529	0.000523336029306818	0
low	Early	0.994656677251897	0	0	0	0	0	0	0	7.60615337808287e-05	0	0	1.90153834452072e-05	0	0	0	0	5.70461503356215e-05	0	0	0	0	1.90153834452072e-05	0	0	0.000494399969575387	0.00425944589172641	0	0	0	0	0	0
low	Early	0.989815106960308	0	0	0	1.2620685303212e-05	0	0	0	0	0	0	0	1.2620685303212e-05	0	0	0	0	0	1.2620685303212e-05	0	0	0	2.52413706064239e-05	0	0.000328137817883511	0.00167855114532719	5.04827412128479e-05	1.2620685303212e-05	1.2620685303212e-05	0	1.2620685303212e-05	0
low	Early	0.991288379077636	9.046335329558e-06	0	0	0	0	0	0	9.046335329558e-06	9.046335329558e-06	0	9.046335329558e-06	0	9.046335329558e-06	0	0	0	0	5.4278011977348e-05	0	9.046335329558e-06	0	0	0	0.00022615838323895	0.00172785004794558	9.9509688625138e-05	0	3.6185341318232e-05	0	9.046335329558e-06	0
high	Early	0.936105546729295	0	0	0	6.90750846169787e-05	0	2.96036076929909e-05	0	0.000148018038464954	0.000167753776926948	6.90750846169787e-05	0.000315771815391902	0.000236828861543927	9.86786923099695e-05	0	0	0	9.86786923099695e-06	0.000187489515388942	9.86786923099695e-06	8.88108230789726e-05	0	0	1.97357384619939e-05	0.00575296776167122	0.0489150277780519	0.00121374791541262	0	0	0.000414450507701872	0	0
high	Early	0.984756698881407	0	0	0	5.63523146713251e-05	0	0	0	0	8.45284720069877e-05	0	0.000126792708010482	0	7.04403933391564e-05	0	0	1.40880786678313e-05	4.22642360034938e-05	1.40880786678313e-05	0	0	0	0	0	0.00181736214815024	0.0116931052943	0.000183145022681807	0.000281761573356626	5.63523146713251e-05	0	2.81761573356626e-05	0
high	Early	0.937237874377066	0.000131576783276591	0	0	1.64470979095739e-05	0	6.57883916382954e-05	0	0	0.00123353234321804	0	0.000756566503840397	3.28941958191477e-05	0.000822354895478693	0	0	3.28941958191477e-05	0.00042762454564892	0.000921037482936136	0	0	0.000444071643558494	1.64470979095739e-05	0	0.00406243318366474	0.0456735908948866	0.000674331014292528	0	0.00131576783276591	1.64470979095739e-05	0	0
high	Early	0.53811473286003	0	0	0	2.59107633310877e-05	0	0.000207286106648702	0	0.00103643053324351	0.00137327045654765	0.000466393739959579	0.00137327045654765	0	0.000751412136601544	0	0	0.0559672487951495	0	0.00129553816655439	0	0	5.18215266621755e-05	0	0.000880965953256983	0.0186816603617143	0.341011556200446	0.00339430999637249	0	0	0	2.59107633310877e-05	0
high	Early	0.549791714501263	0	0	0	0	0	0.000623216452914357	0	0.000524813855085774	0.00106602814314298	6.56017318857218e-05	0.000656017318857218	0.0013448355036573	0.000770820349657231	0	0	0.0306360087906321	0	0.00108242857611441	0	0	0.000557614721028635	0	0	0.0179256732377735	0.367927313281071	0.00200085282251451	0	0.000278807360514318	0	1.64004329714304e-05	0
high	Early	0.867490969271654	0.000238697665536831	0.000429655797966296	0	1.59131777024554e-05	0	0.000143218599322099	0	0.000461482153371207	0.000143218599322099	0	0.000684266641205582	0.000222784487834376	0.00020687131013192	0	0	0.0168679683646027	3.18263554049108e-05	0.000954790662147324	1.59131777024554e-05	0.000302350376346653	0.00038191626485893	0	0	0.00892729269107748	0.0764628188602982	0.00119348832768416	0.00184592861348483	0.000429655797966296	0.000461482153371207	0	0
low	Early	0.4003613626213	0.000994762272118235	0.00168500548134313	0	4.06025417191116e-05	0.000751147021803565	0	0	0.0033091071501076	0.00245645377400625	8.12050834382232e-05	0.0103333468675139	0.00420236306792805	0.00062933939664623	0	0.00146169150188802	4.06025417191116e-05	0.000304519062893337	0.00290308173291648	0.000791749563522677	0.00152259531446669	0.00111656989727557	0.000649640667505786	0	0.0262089406796865	0.467497665353851	0.00227374233627025	0.0169312598968695	0.00582646473669252	0.000832352105241788	0.00170530675220269	0
low	Early	0.69750378214826	0	7.5642965204236e-05	0.000529500756429652	7.5642965204236e-05	0	0	0	0	0.000907715582450832	0	0.00155068078668684	0	0.000491679273827534	0	0	0.0010590015128593	0.00181543116490166	0.00166414523449319	0	0	0.000453857791225416	0	0	0.0172087745839637	0.259152798789713	0.00427382753403933	0.000113464447806354	0.0018910741301059	0	0	0
low	Early	0.448922354662683	3.04850166143341e-05	0	0	0	0	0.000792610431972685	0	0.00256074139560406	0.00585312318995214	0	0.00390208212663476	0.00146328079748803	0.00115843063134469	0	0	3.04850166143341e-05	0.00454226747553577	0.000914550498430022	0.000640185348901015	0	0	0	3.04850166143341e-05	0.0341737036246685	0.458159314696827	0.00432887235923544	0	0.00448129744230711	0	0.00326189677773374	0
low	Early	0.0689601855431001	0	0	0	0	0	0.000154619250096637	7.73096250483185e-05	0.00216466950135292	0	0	0.000154619250096637	0.000309238500193274	0.00231928875144956	0	7.73096250483185e-05	0.000154619250096637	0	0.000463857750289911	0	7.73096250483185e-05	0.00950908388094318	0.00255121762659451	0	0.0459219172787012	0.830537301894086	0.00587553150367221	0	0.00131426362582141	0	0	0
low	Early	0.787994599171568	2.28848662379568e-05	0.00093827951575623	0	6.86545987138705e-05	0	0.000572121655948921	0	0.00160194063665698	2.28848662379568e-05	0.000114424331189784	0.00121289791061171	4.57697324759137e-05	0	0	0	0	0	0.000915394649518274	0	0	0	0	0	0.0145776597935785	0.177449252809117	0.0050346705723505	0	0.0013273222418015	0.000846740050804403	0	0
low	Early	0.735036977155005	0	0.000329351178178987	0	2.99410161980898e-05	0	0	0	0	0	0	0.00149705080990449	4.49115242971346e-05	0.00309889517650229	0	0	2.99410161980898e-05	0.000449115242971346	0.000479056259169436	0	0	0	0	0.000718584388754154	0.0192221323991736	0.216683134225576	0.00323362974939369	0.00303901314410611	4.49115242971346e-05	0	1.49705080990449e-05	0
low	Early	0.756759822479334	0	0	0	9.92527684432912e-05	1.41789669204702e-05	0	0	0	0	0.000255221404568463	0.00114849632055808	0	0.00218356090575241	0	0	1.41789669204702e-05	0	0.000893274915989621	0	0	1.41789669204702e-05	2.83579338409403e-05	0	0.0163341698923816	0.204006976051725	0.00560069193358572	0	1.41789669204702e-05	0.00136118082436514	4.25369007614105e-05	1.41789669204702e-05
low	Early	0.337762343348936	0	0	0	3.01977955609241e-05	0.000271780160048316	0.000241582364487392	0	0.00172127434697267	0	0	0.00123810961799789	0	0.00123810961799789	0	0	0	0.00111731843575419	0.000422769137852937	0	0	0	0	0	0.0211988524837687	0.608002415823645	0.00407670240072475	0	0	0.00154008757360713	0	0
low	Early	0.914332476705957	0	0	0	2.87137668154997e-05	0	7.17844170387492e-05	0	0.000330208318378246	0	0.000272780784747247	0.000459420269047995	0	0.000531204686086744	0	0.000387635852009246	0	2.87137668154997e-05	0.000344565201785996	0	0	0	0	0	0.00720715547069042	0.0702051598638967	0.00157925717485248	0	5.74275336309994e-05	0	0	0
low	Early	0.954617366541608	7.91031957691091e-05	0.000203408217691995	0	1.13004565384442e-05	1.13004565384442e-05	1.13004565384442e-05	0	5.65022826922208e-05	0	0	4.52018261537766e-05	9.04036523075532e-05	4.52018261537766e-05	0	0	0.000858834696921756	0	0.000452018261537766	0	0.000203408217691995	9.04036523075532e-05	6.78027392306649e-05	0	0.00361614609230213	0.0361162590968675	0.000655426479229761	0	3.39013696153325e-05	0	0	0
low	Early	0.98653021359718	0	0	0	5.09575778164678e-05	0	0	0	3.39717185443119e-05	2.54787889082339e-05	0	1.69858592721559e-05	0	2.54787889082339e-05	0	0	2.54787889082339e-05	0	4.24646481803898e-05	0	0	0	0	0	0.00128243237504777	0.0111936812603508	0.000144379803813325	0	0	1.69858592721559e-05	0	0
low	Early	0.958163326713606	0	0	0	0	0	9.62869350664982e-05	0	7.22152012998736e-05	0	0	4.81434675332491e-05	0.000132394535716435	8.42510681831859e-05	0	0	0.00015646626948306	0	0.000337004272732744	0	9.62869350664982e-05	0.000216645603899621	0.000240717337666245	0	0.00310525365589457	0.0290184750556659	0.000445327074682554	0	0.000192573870132996	7.22152012998736e-05	0	0
low	Early	0.975274473352951	0	0.00014171744875247	0	1.66726410297023e-05	0	0	0	4.16816025742558e-05	0	0	0.000175062730811874	0	8.33632051485116e-06	3.33452820594046e-05	6.66905641188092e-05	0.000233416974415832	0	3.33452820594046e-05	0	0	0	0	0	0.00128379335928708	0.00957009595104913	0.0003584617821386	0	0.000191735371841577	0	5.00179230891069e-05	0
low	Early	0.93566435687101	0	7.58138618064927e-05	0	3.03255447225971e-05	0	0	0	6.06510894451942e-05	0	9.09766341677912e-05	4.54883170838956e-05	0	0.000394232081393762	0	0.000591348122090643	0.000409394853755061	1.51627723612985e-05	3.03255447225971e-05	0	0	0	0	0	0.00407878576518931	0.0351169807887674	0.000424557626116359	0	1.51627723612985e-05	0	0.000121302178890388	0
high	Early	0.667035327306533	0	0.000961723408347759	0	3.20574469449253e-05	0	1.60287234724627e-05	0	0.00131435532474194	1.60287234724627e-05	0	0.000512919151118805	3.20574469449253e-05	0.000737321279733282	0.00102583830223761	0	0.00030454574597679	0	1.60287234724627e-05	0	0	0	0	0.000496890427646342	0.0212220298775406	0.291241905494646	0.00344617554657947	0	0.00115406809001731	0	1.60287234724627e-05	0
high	Early	0.955966425861442	0	0	0	1.29930876773556e-05	9.09516137414895e-05	0	0	0	0	0	0.000155917052128268	0.000194896315160335	0.000220882490515046	0	0	0.000220882490515046	0	0.000727612909931916	0.000129930876773556	0	0	0	9.09516137414895e-05	0.00389792630320669	0.0337820279611247	0.000714619822254561	0	0.000194896315160335	0	9.09516137414895e-05	0
high	Early	0.979179486380596	0	0	0	1.55783865465054e-05	0	0	0	0	9.34703192790323e-05	0	5.45243529127688e-05	0.000155783865465054	0.000140205478918548	0	0	9.34703192790323e-05	0	6.23135461860215e-05	0	0	0	2.33675798197581e-05	0	0.00190835235194691	0.0158354299245227	0.000350513697296371	0	7.01027394592742e-05	1.55783865465054e-05	0	0
high	Early	0.747408925892417	0	0	0	1.14522612489836e-05	0	5.72613062449181e-05	1.14522612489836e-05	0.000561160801200197	0.000229045224979672	0	0.0011910351698943	0.000710040197436984	0.000641326629943082	0	0	0	5.72613062449181e-05	0.000973442206163607	0.000595517584947148	0	0.00182090953858839	1.14522612489836e-05	0.000767301503681902	0.013261718526323	0.199830506533515	0.00130555778238413	0	0.000584065323698164	1.14522612489836e-05	0.00155750752986177	0
high	Early	0.259051045648752	0	0	0	0	0	0	0	0	0.00406811537911156	0	0.00351616002616677	0	0.00476317026800499	0	0	2.04427908498068e-05	0	0.00114479628758918	0.000143099535948648	0	0	0.00308686141832083	0	0.0362655109675573	0.623116707892962	0.00259623443792547	0	0.00631682237259031	0.000490626980395363	2.04427908498068e-05	0
high	Early	0.975065393366249	7.73885991115789e-05	0	0	0	1.54777198223158e-05	1.54777198223158e-05	0	4.64331594669473e-05	1.54777198223158e-05	0	3.09554396446315e-05	0.000154777198223158	0.00010834403875621	0	0	0	0	6.19108792892631e-05	0	0	0	0	0	0.00164063830116547	0.0132489281679023	0.000495287034314105	0	3.09554396446315e-05	0	0	0
high	Early	0.92904906305886	0.000272140580048208	0.000301298499339087	0	4.85965321514657e-05	0	0	0	0	0.000709509369411399	0	0.000767825207993158	0.000388772257211725	0.000330456418629967	0	0	0	0.000272140580048208	0.00034017572506026	0.000223544047896742	0	0	1.94386128605863e-05	0	0.00431537205505015	0.0521440789985227	0.000855298965865796	0	0.00119547469092606	1.94386128605863e-05	0	0
high	Early	0.957671019017883	0	0	0	0	0	0	0	5.32216860630145e-05	3.54811240420096e-05	0	0.000443514050525121	0.000620919670735169	0.000195146182231053	0	7.09622480840193e-05	0.000319330116378087	0.000177405620210048	0.000603179108714164	0.000425773488504116	0	0.000212886744252058	3.54811240420096e-05	0	0.00354811240420097	0.0314185353391995	0.000816065852966222	0	0	0	8.87028101050241e-05	1.77405620210048e-05
high	Early	0.311530755084676	0	0	0	0	0	0	0	0.0005764005160157	2.74476436197952e-05	0.000466609941536519	8.23429308593857e-05	0	0.00129003925013038	0	0	0.00510526171328192	0	0.00148217275546894	0	0	0	0	0	0.0276946724123734	0.521230752339912	0.00408969889934949	0	0	0.000960667526692833	0.000137238218098976	0
low	Late	0.993935160735277	0	0	0	0	0	0	0	0	0	0	1.70360653503467e-05	0	1.70360653503467e-05	0	0	0.000800695071466294	0	0	0	1.70360653503467e-05	0	0	0	0.000289613110955894	0.00344128520077003	5.11081960510401e-05	0	0	0	1.70360653503467e-05	0
low	Late	0.994219818174033	0	0	0	0	0	1.42720538912755e-05	0	1.42720538912755e-05	0	0	2.8544107782551e-05	0	0	0	0	0.00119885252686714	0	1.42720538912755e-05	0	0	0	1.42720538912755e-05	0	0.000214080808369132	0.00216935219147388	1.42720538912755e-05	0	2.8544107782551e-05	0	0	0
low	Late	0.996736812830259	0	0	0	2.78112542875684e-05	0	0	0	9.27041809585612e-06	0	0	0	0	2.78112542875684e-05	0	0	0.000222490034300547	0	0	0	0	0	0	0	0.00028738296097154	0.00200241030870492	0	0	0	0	0	0
low	Late	0.994043781277824	0	0	0	3.07021583617328e-05	0	0	0	0	0	0	1.53510791808664e-05	0	0	6.14043167234657e-05	0	0.00125878849283105	0	1.53510791808664e-05	0	0	0	0	0	0.00021491510853213	0.00194958705597003	0.000107457554266065	0	0	0	3.07021583617328e-05	0
high	Late	0.863624981219011	6.67768484666366e-05	6.67768484666366e-05	0	0	0	0.000367272666566501	0	0.000283801605983206	0.000217024757516569	0	0.000367272666566501	0	0	0	0	0.0198995008430577	0	0.000634380060433048	0	0	0	0	0	0.0074790070282633	0.099180314185072	0.00230380127209896	0	0	0	3.33884242333183e-05	0.000133553696933273
high	Late	0.973776165963029	1.10230491958686e-05	0	0	1.10230491958686e-05	0	0	0	0	0	2.20460983917371e-05	3.30691475876057e-05	0	3.30691475876057e-05	0	0	0.0145283788401548	0	3.30691475876057e-05	0	0	0	0	0	0.000793659542102536	0.00529106361401691	4.40921967834742e-05	0	0	0	0	0
high	Late	0.986367305751766	0	2.01816347124117e-05	0	1.00908173562059e-05	0	0	0	0	0	0	0	0	5.04540867810293e-05	0	0	0.0086175580221998	0	3.02724520686176e-05	0	0	0	0	0	0.000524722502522704	0.00346115035317861	6.05449041372351e-05	0	1.00908173562059e-05	0	0	0
high	Late	0.95391061452514	0	0.00031742001015744	0	2.53936008125952e-05	0	0	0	8.88776028440833e-05	0	0	5.07872016251905e-05	0.000177755205688167	0.000241239207719655	0	0	0.0021076688674454	0	5.07872016251905e-05	0	0	0	0	0	0.00393600812595226	0.0367953275774505	0.000482478415439309	0	0	6.34840020314881e-05	5.07872016251905e-05	0
low	Late	0.973549789178446	0	0	0	1.85745862510913e-05	0	0	0	0	0	0	2.78618793766369e-05	0.000102160224381002	1.85745862510913e-05	0	0	0.00516373497780337	0	3.71491725021825e-05	0	0	0	0	0	0.00222895035013095	0.0165313817634712	0.000213607741887549	0	0	0	0	0
low	Late	0.986713505617196	0	0	0	2.31875992719094e-05	0	0	0	0	0	0	0	0	6.95627978157282e-05	0	6.95627978157282e-05	0.00381436008022909	2.31875992719094e-05	0	0	0	0	0	0	0.00113619236432356	0.00726931237174359	4.63751985438188e-05	0	4.63751985438188e-05	0	0	0
low	Late	0.992204507287542	0	0	0	0	0	0	0	0	0	0	3.10990400762963e-05	0	1.03663466920988e-05	0	0	0.00538013393319926	0	4.14653867683951e-05	1.03663466920988e-05	0	0	0	0	0.00016586154707358	0.00157568469719901	2.07326933841975e-05	0	0	0	1.03663466920988e-05	0
low	Late	0.991266010921661	0	0	0	1.66997879126935e-05	0	0	0	1.66997879126935e-05	0	0	5.00993637380805e-05	0	1.66997879126935e-05	0	1.66997879126935e-05	0.00352365524957833	1.66997879126935e-05	0	0	0	0	0	0	0.000467594061555418	0.00305606118802291	6.6799151650774e-05	0	0	0	0	0
high	Late	0.994989580605122	0	1.13873168065409e-05	0	3.41619504196226e-05	0	0	0	6.83239008392452e-05	5.69365840327044e-05	0	2.27746336130817e-05	0	1.13873168065409e-05	0	2.27746336130817e-05	0.000341619504196226	1.13873168065409e-05	0	0	0	0	0	0	0.000353006821002767	0.0030631882209595	5.69365840327044e-05	0	4.55492672261635e-05	0	2.27746336130817e-05	0
high	Late	0.991468279093327	0	0	0	0	1.58287957452197e-05	0	0	0	3.16575914904394e-05	0	4.74863872356591e-05	1.58287957452197e-05	0	1.58287957452197e-05	0	0.0011238444979106	0	0	0	0	1.58287957452197e-05	1.58287957452197e-05	0	0.000886412561732304	0.00457452197036849	4.74863872356591e-05	0	6.33151829808788e-05	0	3.16575914904394e-05	0
high	Late	0.994888829109112	0	0	0	2.33920864571515e-05	0	0	0	0	1.16960432285758e-05	4.67841729143031e-05	3.50881296857273e-05	0	5.84802161428789e-05	0	0	0.000175440648428637	0	0	0	0	0	0	1.16960432285758e-05	0.000456145685914455	0.00369594966022994	3.50881296857273e-05	0	0	0	0	0
high	Late	0.991943634739047	0	0	0	2.92958736761927e-05	0	0	0	1.46479368380964e-05	0	0	2.92958736761927e-05	0	1.46479368380964e-05	1.46479368380964e-05	0	0.000659157157714336	0	0.000102535557866674	0	0	0	0	0	0.000966763831314359	0.00496565058811466	7.32396841904818e-05	0	1.46479368380964e-05	0	0	0
high	Late	0.891328856428606	0	0	0	0	0.000147051615116906	0	0	0.000428900544090976	0.00207097691289643	0	0.000294103230233812	2.45086025194843e-05	0	2.45086025194843e-05	0.000465663447870202	0.00339444144894858	0	0	0.000710749473065046	0	0.000428900544090976	0.000183814518896133	0	0.00756090387726092	0.0796652124895838	0.00234057154061075	0	0.000306357531493554	6.12715062987108e-05	0.000134797313857164	0
high	Late	0.826028010319591	0	0	0	0	0	0.00118464697520139	0	0	0.000236929395040278	0.000816090138472069	0.00103985678934344	0	0.0012241352077081	0	0	0.00167166850945085	0.000157952930026852	0.000381719580898226	0	0	0	0	0.000210603906702469	0.0136629284473227	0.14139419786237	0.0024219449270784	0	9.21392091823303e-05	0	0.000644974464276312	0
high	Late	0.984381592185117	0	0	0	4.0567293025671e-05	0	8.1134586051342e-06	0	1.62269172102684e-05	0	0	2.43403758154026e-05	0	0	0	0	0.00342387953136663	0	0.000113588420471879	0	8.1134586051342e-06	0	0	0	0.000876253529354493	0.00799175672605718	0.000121701879077013	0	0	0	0	0
low	Late	0.97862868374004	0	2.36801288199008e-05	0	1.18400644099504e-05	1.18400644099504e-05	0	0	0	0	0	0	0	0	0	1.18400644099504e-05	0.0153447234752957	0	0	0	0	1.18400644099504e-05	1.18400644099504e-05	0	0.000201281094969157	0.00196545069205176	4.73602576398016e-05	0	0	0	0	0
low	Late	0.977828414351852	0	0	0	3.61689814814815e-05	1.20563271604938e-05	0	0	0	1.20563271604938e-05	0	1.20563271604938e-05	0	7.2337962962963e-05	1.20563271604938e-05	0	0.0138647762345679	0	1.20563271604938e-05	0	0	0	0	0	0.000277295524691358	0.00307436342592593	7.2337962962963e-05	0	2.41126543209877e-05	0	0	0
low	Late	0.988138829314223	0	1.30773656954543e-05	0	1.30773656954543e-05	1.30773656954543e-05	0	0	0	0	0	2.61547313909086e-05	0	2.61547313909086e-05	0	0	0.0044070722393681	0	0	0	0	0	0	0	0.000510017262122718	0.00333472825234085	5.23094627818172e-05	0	0	2.61547313909086e-05	0	0
low	Late	0.992890822477153	0	0	0	0	0	0	0	0	0	0	0	0	1.21524402099942e-05	0	1.21524402099942e-05	0.00218743923779895	0	0	0	0	0	0	0	0.000255201244409878	0.00221174411821894	3.64573206299825e-05	0	0	0	0	0
low	Late	0.992614697610511	0	0	0	1.07344511475128e-05	0	0	0	0	0	0	4.29378045900513e-05	0	0	0	0	0.00256553382425557	0	0	1.07344511475128e-05	0	0	0	0	0.000289830180982846	0.00216835913179759	8.58756091801026e-05	0	0	1.07344511475128e-05	0	0
low	Late	0.994018971076118	0	0	0	3.11511923118857e-05	0	0	0	0	0	0	1.55755961559429e-05	0	0	0	0	0.00110586732707194	0	0	0	1.55755961559429e-05	0	0	0	0.0003270875192748	0.00336432876968366	4.67267884678286e-05	0	0	1.55755961559429e-05	0	0
low	Late	0.993960832840157	0	0	0	2.69005218701243e-05	0	0	0	0	0	0	0	0	0	0	0	0.00185613600903858	0	1.34502609350621e-05	0	0	0	0	0	0.000201753914025932	0.00201753914025932	0	0	0	0	0	0
low	Late	0.99305450375403	0	0	0	2.16370599562931e-05	0	2.16370599562931e-05	0	0	0	0	7.5729709847026e-05	0	2.16370599562931e-05	0	3.24555899344397e-05	0.000952030638076898	0	0	0	0	0	0	0	0.00069238591860138	0.0037864854923513	5.40926498907328e-05	0	1.08185299781466e-05	0	0	0
low	Late	0.996643568644435	0	0	0	2.7067994802945e-05	0	0	0	2.7067994802945e-05	0	0	1.35339974014725e-05	1.35339974014725e-05	1.35339974014725e-05	0	0	5.413598960589e-05	0	1.35339974014725e-05	0	0	0	0	1.35339974014725e-05	0.000189475963620615	0.00208423559982676	2.7067994802945e-05	0	0	0	0	0
low	Late	0.996322274464032	0	0	0	2.20223085986104e-05	1.10111542993052e-05	1.10111542993052e-05	0	0	1.10111542993052e-05	1.10111542993052e-05	3.30334628979156e-05	0	2.20223085986104e-05	0	0	0.000484490789169429	1.10111542993052e-05	1.10111542993052e-05	0	0	0	0	0	0.000209211931686799	0.00167369545349439	3.30334628979156e-05	0	1.10111542993052e-05	0	1.10111542993052e-05	0
low	Late	0.745301148347785	0	0	0	3.124755878447e-05	0	0.00015623779392235	0	0.00132802124833997	3.124755878447e-05	0	0.000499960940551519	0.00529646121396766	0	0	0	7.81188969611749e-05	0.000203109132099055	0	0	0	0	0	0	0.0169830481993594	0.218467307241622	0.00554644168424342	0	0	9.37426763534099e-05	0.000171861573314585	0
low	Late	0.984405515772031	0	0	0	2.95910516659762e-05	2.95910516659762e-05	0	0	5.91821033319524e-05	0	0	9.86368388865874e-06	0	0	0	0	0.00634234874040757	0	0	0	0	0	0	0	0.000660866820540135	0.00444852143378509	5.91821033319524e-05	0	2.95910516659762e-05	0	0	0
low	Late	0.973934354485777	0	0	0	0	0	0	0	5.25164113785558e-05	1.75054704595186e-05	0	0	1.75054704595186e-05	0	0	0	0.0142144420131291	1.75054704595186e-05	3.50109409190372e-05	0	0	0	3.50109409190372e-05	0	0.000577680525164114	0.00364113785557987	7.00218818380744e-05	0	5.25164113785558e-05	8.7527352297593e-05	0.00024507658643326	0
low	Late	0.896089011986056	0	0	0	1.5917737134489e-05	0	0	0	3.18354742689779e-05	0.000191012845613868	0	3.18354742689779e-05	0	1.5917737134489e-05	0	0	0.0553300542794836	0	0	0	0	6.36709485379558e-05	1.5917737134489e-05	0	0.00163952692485236	0.0112856756283527	0.000668544959648536	0	7.95886856724448e-05	0	0	0
low	Late	0.979381157976309	4.15144470275656e-05	0	0	5.53525960367541e-05	1.38381490091885e-05	0	0	0	0	0	0	0.000428982619284844	1.38381490091885e-05	0	0	0.0103786117568914	0	4.15144470275656e-05	0.000345953725229713	1.38381490091885e-05	0	0	0	0.00047049706631241	0.00286449684490203	9.68670430643197e-05	0	0	0	1.38381490091885e-05	0
high	Late	0.995516877637131	1.01428107757222e-05	5.07140538786108e-05	0	8.11424862057773e-05	0	0	1.01428107757222e-05	1.01428107757222e-05	1.01428107757222e-05	0	0	0	4.05712431028887e-05	0	0	0.00111570918532944	0	0	0	0	0	0	0	0.000425998052580331	0.00174456345342421	2.02856215514443e-05	0	0	0	0	0
high	Late	0.996732147960388	0	0	0	2.48505858525615e-05	0	0	0	0	0	0	0	0	0	1.24252929262807e-05	0	0.000447310545346107	0	2.48505858525615e-05	0	0	0	0	0	9.94023434102459e-05	0.00155316161578509	4.97011717051229e-05	0	0	0	0	0
high	Late	0.991909454748892	0	0	0	3.22761113741016e-05	0	0	0	0	0.000118345741705039	0	2.15174075827344e-05	2.15174075827344e-05	0	0	0	0.00352885484356845	0	2.15174075827344e-05	0	0	2.15174075827344e-05	0	1.07587037913672e-05	0.00019365666824461	0.00177518612557559	3.22761113741016e-05	0	0	0	0	0
high	Late	0.991335770293272	0	0	0	5.5808242877473e-05	0	0	0	1.39520607193683e-05	0	0	4.18561821581047e-05	0	5.5808242877473e-05	0	0	0.00366939196919385	0	0	0	0	5.5808242877473e-05	0	0	0.000251137092948629	0.00173005552920166	1.39520607193683e-05	0	4.18561821581047e-05	0	1.39520607193683e-05	0
high	Late	0.992770603115431	0	3.99414192517641e-05	0	6.65690320862735e-05	0	0	0	5.32552256690188e-05	0	0	0	0	0	0	0	0.00174410864066036	0	1.33138064172547e-05	0	0	0	0	0	0.000319531354014113	0.00279589934762349	0.000133138064172547	0	1.33138064172547e-05	0	0	0
high	Late	0.99236797274276	0	0	0	8.51788756388416e-05	0	0	0	0	0	0	1.70357751277683e-05	0	0	0	0	0.0020954003407155	0	5.11073253833049e-05	0	0	0	0	1.70357751277683e-05	0.000459965928449744	0.00289608177172061	1.70357751277683e-05	0	0	0	0	0
high	Late	0.98929513425226	0	0	0	9.93234966285191e-05	0	2.20718881396709e-05	0	5.51797203491773e-05	4.41437762793418e-05	0	5.51797203491773e-05	1.10359440698355e-05	2.20718881396709e-05	0	0	0.00154503216977696	0	1.10359440698355e-05	0	2.20718881396709e-05	1.10359440698355e-05	0	0	0.000893911469656672	0.00533036098573052	0.000110359440698355	0	0	0	0	0
high	Late	0.992027610993054	0	0	0	2.85237531554402e-05	0	2.85237531554402e-05	0	2.85237531554402e-05	0	0	1.42618765777201e-05	0	0	0	2.85237531554402e-05	0.00132635452172797	0	1.42618765777201e-05	0	0	0	0	0	0.000484903803642483	0.00397906356518391	9.98331360440407e-05	0	2.85237531554402e-05	0	5.70475063108804e-05	0
low	Early	0.98310248789697	0	0	0	0	0	0	0	7.47677526682742e-05	3.73838763341371e-05	0	1.86919381670685e-05	1.86919381670685e-05	0	0	0	0.000299071010673097	0	0	0	0	0	1.86919381670685e-05	0	0.000205611319837754	0.0036262360044113	0	0	1.86919381670685e-05	0	0	1.86919381670685e-05
high	Early	0.985045343564702	4.35995814440181e-05	0	0	0	0	0	0	0	4.35995814440181e-05	0	4.35995814440181e-05	0.000348796651552145	8.71991628880363e-05	0	0	0.000217997907220091	0	0.000261597488664109	0	0	0	0	0	0.000610394140216254	0.00994070456923614	4.35995814440181e-05	0	0.000305197070108127	0	0	0
low	Early	0.98426147363626	0	0	9.11057966063091e-05	0	0	0	0	0	0	0	6.83293474547318e-05	0	2.27764491515773e-05	0	0	0.00462361917777019	0	0.000136658694909464	2.27764491515773e-05	0.000113882245757886	0	0	0	0.000182211593212618	0.005010818813347	2.27764491515773e-05	0	2.27764491515773e-05	0	0	0
low	Early	0.956026134099439	4.63370557434781e-05	0	0	0	0	0	0	0	9.26741114869561e-05	0	0.000417033501691303	0	9.26741114869561e-05	0	0	0.0108428710439739	0.000139011167230434	0.000463370557434781	0	0	0.000139011167230434	0	0	0.00166813400676521	0.0247439877670173	0.000370696445947824	0	4.63370557434781e-05	9.26741114869561e-05	9.26741114869561e-05	0
low	Early	0.993610309057855	0	0	0	0	0	0	0	0	2.67351085445407e-05	0	0	0	0	0	0	0	0	0	0	0	0	0	0	0.000240615976900866	0.00205860335792963	2.67351085445407e-05	0	2.67351085445407e-05	0	2.67351085445407e-05	0
low	Early	0.992460438687603	1.22197103928637e-05	0	2.44394207857274e-05	0	0	0	0	0	0	0	8.55379727500458e-05	0	0	0	0	0.00046434899492882	0	4.88788415714548e-05	0	0.000219954787071546	0	2.44394207857274e-05	0	0.000158856235107228	0.00243172236817987	0	0	1.22197103928637e-05	0	3.66591311785911e-05	0
low	Early	0.98218798600311	0.000121500777604977	0	0	1.21500777604977e-05	0	3.6450233281493e-05	0	0	0	0	7.2900466562986e-05	0	4.86003110419907e-05	0	0	0	0	6.07503888024883e-05	0	0	0	0	0	0.000692554432348367	0.0159652021772939	9.72006220839813e-05	1.21500777604977e-05	0	4.86003110419907e-05	2.43001555209953e-05	0
low	Early	0.996552959083177	7.46112752559167e-06	0	2.2383382576775e-05	0	0	0	0	0	1.49222550511833e-05	0	0	0	0	7.46112752559167e-06	0	7.46112752559167e-06	0	4.476676515355e-05	0	8.95335303071e-05	0	0	0	0.000149222550511833	0.00240248306324052	7.46112752559167e-06	0	0	0	0	0
low	Early	0.982193242788848	0.000321632724667768	0	0	0	0	0	0	4.38590079092411e-05	0	0	1.46196693030804e-05	0	2.92393386061607e-05	0	0	0.000131577023727723	0	1.46196693030804e-05	0	2.92393386061607e-05	0	1.46196693030804e-05	1.46196693030804e-05	0.000350872063273929	0.00422508442859023	2.92393386061607e-05	0	0	1.46196693030804e-05	0	0
low	Early	0.991269826337278	0	0	8.46676325048449e-05	0	2.82225441682816e-05	0	0	1.88150294455211e-05	0	0	2.82225441682816e-05	1.88150294455211e-05	2.82225441682816e-05	0	0	0.000442153191969745	9.40751472276054e-06	0.000103482661950366	0	0.000197557809177971	0	1.88150294455211e-05	0	0.000366893074187661	0.00587969670172534	5.64450883365632e-05	0	9.40751472276054e-06	0	0	0
high	Early	0.0428094885100074	0.00203854707190512	0	0.000185322461082283	0	0	0.000185322461082283	0	0.000185322461082283	0	0	0	0.0011119347664937	0.00370644922164566	0	0	0	0	0	0	0.000926612305411416	0	0	0	0.0448480355819125	0.868977020014826	0.00630096367679763	0	0	0.0011119347664937	0	0
high	Early	0.492813444387116	0.00162158177931746	0	0	0	0	0.000515957838873738	0	0.000737082626962482	0	0.000147416525392497	0.000810790889658731	0.000368541313481241	0.00125304046583622	0	0	0.000221124788088745	0	0.00832903368467605	0.00103191567774748	0	0.000368541313481241	0.000442249576177489	0	0.0158472764796934	0.452347608166876	0.00331687182133117	0	0.000589666101569986	0.000147416525392497	0	0
high	Early	0.68576353680795	0.00101399310484689	0	0	0	0	0.00035489758669641	0	0.000760494828635165	0.000709795173392821	0	0.00157168931251267	0	0.00141959034678564	0	0	0.000304197931454066	0.000861894139119854	0.0013688906915433	0	0	0	0	0	0.015463394848915	0.279557899006287	0.00177448793348205	0	0.000760494828635165	0	0	5.06996552423444e-05
low	Early	0.974675873214089	0.000238733610019466	0	5.50923715429537e-05	0	0	0	0	0.000128548866933559	0.000385646600800676	0	3.67282476953025e-05	0.00029382598156242	9.18206192382561e-05	0	0	0.000128548866933559	0	0.00029382598156242	0	0.000330554229257722	1.83641238476512e-05	3.67282476953025e-05	0	0.00130385279318324	0.0164726190913432	0.000275461857714768	0.000128548866933559	5.50923715429537e-05	0	3.67282476953025e-05	0
low	Early	0.947805036459717	5.90440764030349e-05	0	0.000413308534821244	0	0	0	0	0.000147610191007587	5.90440764030349e-05	0	0	0	2.95220382015174e-05	0	0	0	0	0.000649484840433383	5.90440764030349e-05	0.00112183745165766	0	0	0	0.00256841732353202	0.0339503439317451	0.000472352611224279	0	2.95220382015174e-05	0	0	0
low	Early	0.96775466074455	0.000248378236222313	0	0.000116883875869324	0	2.9220968967331e-05	0	0	8.76629069019929e-05	0.000248378236222313	0	0.000131494360352989	0.000102273391385658	1.46104844836655e-05	0	8.76629069019929e-05	0.00077435567763427	4.38314534509964e-05	0.000394483081058968	8.76629069019929e-05	0.000555198410379288	7.30524224183274e-05	8.76629069019929e-05	1.46104844836655e-05	0.00111039682075858	0.0181900531821635	0.000189936298287651	0	0.000116883875869324	0	0	1.46104844836655e-05
low	Early	0.22938926263026	0.000527634876665348	0	0	0	0	0.000395726157499011	0.000791452314998021	0.00158290462999604	0	0.000527634876665348	0.00184672206832872	0.000131908719166337	0.00184672206832872	0	0	0	0	0.00158290462999604	0	0	0	0	0	0.0267774699907664	0.719430154333201	0.00408917029415644	0	0	0	0	0
low	Early	0.846407441203308	0.00026491625702764	0	0	2.94351396697377e-05	0	0	0	0.00026491625702764	0	0	0.000147175698348689	0	0.000559267653725017	0	0	0.00194271921820269	0	0.0010891001677803	0.0049156683248462	0	0	0	0	0.00621081447031466	0.118388131751685	0.00091248932976187	0	0	0	0	0.000147175698348689
low	Early	0.977763772083588	7.87820298189983e-05	0	0.000413605656549741	0	0	7.87820298189983e-05	0	0	0	0	7.87820298189983e-05	0	3.93910149094991e-05	0	0	0.000433301164004491	0	0.000275737104366494	1.96955074547496e-05	0.00131959899946822	1.96955074547496e-05	1.96955074547496e-05	0	0.000551474208732988	0.0093356705335513	0.000118173044728497	0	1.96955074547496e-05	0	1.96955074547496e-05	0
low	Early	0.984708869943769	8.16252494104843e-05	0	0.000235806276074732	9.06947215672048e-06	1.8138944313441e-05	0	0	2.72084164701614e-05	2.72084164701614e-05	0	9.97641937239253e-05	0.000108833665880646	1.8138944313441e-05	0	1.8138944313441e-05	0.000925086159985489	0	6.34863050970434e-05	0.000444404135679303	0.000607654634500272	4.53473607836024e-05	1.8138944313441e-05	0	0.000507890440776347	0.00740068927988391	5.44168329403229e-05	0	0.000136042082350807	0	0	0
low	Early	0.935120311955109	6.34055099388137e-05	0	0.00182290841074089	0	0.000253622039755255	4.75541324541103e-05	0	1.58513774847034e-05	0.000142662397362331	0	0.000110959642392924	1.58513774847034e-05	0.000301176172209365	0	0	0.000110959642392924	6.34055099388137e-05	0.000364581682148179	0.000301176172209365	0.00393114161620645	3.17027549694068e-05	0	0	0.00201312494055733	0.0350473956186793	0.000174365152331738	0	6.34055099388137e-05	0	1.58513774847034e-05	3.17027549694068e-05
high	Early	0.938802368940557	1.29027263460769e-05	0	0.000129027263460769	0	2.58054526921539e-05	0	0	0	6.45136317303846e-05	0	2.58054526921539e-05	1.29027263460769e-05	0	0	0	0	0	0.000103221810768615	3.87081790382308e-05	0.000735455401726385	3.87081790382308e-05	2.58054526921539e-05	0	0.000309665432305846	0.00459337057920339	2.58054526921539e-05	0	3.87081790382308e-05	0	5.16109053843077e-05	0.0293795078900172
high	Early	0.898778867889352	0.000174780359348419	0	0	0	0	0	0	2.33040479131225e-05	8.15641676959288e-05	4.6608095826245e-05	0	4.6608095826245e-05	5.82601197828063e-05	0	0	0	2.33040479131225e-05	0.000198084407261541	0	0	0	1.16520239565613e-05	0	0.00184101978513668	0.0237118687516022	0.000198084407261541	0	3.49560718696838e-05	0	9.321619165249e-05	0.039383840973177
high	Early	0.769593318909086	4.13433843694445e-05	0	0.000468558356187037	0	0	0	0	2.75622562462963e-05	1.37811281231482e-05	0	1.37811281231482e-05	4.13433843694445e-05	5.51245124925926e-05	0	0	0	1.37811281231482e-05	0.000261841434339815	5.51245124925926e-05	0.000799305431142593	0	1.37811281231482e-05	0	0.000620150765541667	0.00985350660805094	0.000124030153108333	0	0	0	0	0.101084574783292
high	Early	0.941033812358447	3.34048196473787e-05	0	0.000160343134307418	0	6.68096392947574e-06	0	0	6.68096392947574e-06	2.00428917884272e-05	0	0.000126938314660039	3.34048196473787e-05	2.00428917884272e-05	0	0	1.33619278589515e-05	0	6.68096392947574e-05	6.01286753652817e-05	0.000300643376826409	6.68096392947574e-06	0	0	0.000374133980050642	0.0051777470453437	6.01286753652817e-05	6.68096392947574e-06	2.6723855717903e-05	6.68096392947574e-06	0	0.0269176036718578
low	Early	0.988644891832806	1.63148105850491e-05	0	3.26296211700982e-05	1.63148105850491e-05	0	0	0	6.52592423401964e-05	9.78888635102946e-05	0	4.89444317551473e-05	4.89444317551473e-05	8.15740529252455e-05	0	0	0	0	4.89444317551473e-05	3.26296211700982e-05	0.000277351779945835	0	0	3.26296211700982e-05	0.000587333181061768	0.00768427578555813	6.52592423401964e-05	0	9.78888635102946e-05	0	1.63148105850491e-05	0
low	Early	0.976237623762376	1.92252234932231e-05	0	0	0	0	3.84504469864462e-05	0	0.000173027011439008	1.92252234932231e-05	0	3.84504469864462e-05	3.84504469864462e-05	1.92252234932231e-05	0	0	0	0	0.000211477458425454	3.84504469864462e-05	0	0	0	0	0.00136499086801884	0.0202826107853504	0.000288378352398347	0	9.61261174661155e-05	0	1.92252234932231e-05	0
low	Early	0.986019760257396	0	0	0	0	0	0	0	2.84729933657925e-05	0.000284729933657925	0	0.000484040887218473	0.00011389197346317	0	0	0	0	0.000142364966828963	0.000313202927023718	0	0	0.00011389197346317	2.84729933657925e-05	0	0.000768770820876399	0.0091683038637852	5.69459867315851e-05	0	0.000939608781071154	5.69459867315851e-05	2.84729933657925e-05	0
low	Early	0.91358024691358	0	0	0	0	0	0	0	0	0	0	0.0123456790123457	0	0	0	0	0	0	0	0	0	0	0	0	0	0.0123456790123457	0	0	0	0	0	0
high	Early	0.923196276183088	0.000290923196276183	0	0	0	0	0	0	0.000161623997931213	0.000323247995862426	0	0.000517196793379881	0.000614171192138609	0.000226273597103698	0	0	0	9.69743987587277e-05	0.00164856477889837	0.000678820791311094	3.23247995862426e-05	0.000193948797517455	0.00122834238427722	0	0.0030385311611068	0.0602534264287561	0.000872769588828549	0	0.00100206878717352	0.00012929919834497	0.00012929919834497	0
high	Early	0.398797595190381	0.00433124313142414	0	0	0	0	0	0	0.000258581679488008	0.00517163358976017	0	0.00407266145193613	0.00536556984937617	0.00109897213782404	0	0.00116361755769604	0	0.00155149007692805	0.00426659771155214	0.00271510763462409	0.00219794427564807	0.00362014351283212	0.00232723511539207	0	0.0168724545865925	0.48852543797272	0.00252117137500808	0	0.00588273320835219	0.000193936259616006	0.000129290839744004	0
high	Early	0.598860441024123	0.00140594938582211	0	0	0	0	0.000221992008287702	0	0.000295989344383602	0.000369986680479503	0	0.00369986680479503	0.000443984016575403	0.00103596270534261	0	0	0	0	0.00229391741897292	0	0	0.000813970697054906	0	0	0.0113955897587687	0.365768832322036	0.00310788811602782	0	0.000517981352671304	0.000295989344383602	0	0
high	Early	0.954789600289979	0	0	0.000560187168418625	0	1.64760931887831e-05	0	0	0.000148284838699048	1.64760931887831e-05	0	8.23804659439154e-05	6.59043727551323e-05	0.000280093584209312	0	0.000115332652321482	0	0	0.000939137311760635	0	0.00120275480278116	0	0	1.64760931887831e-05	0.00166408541206709	0.0290803044782021	0.000296569677398095	0	3.29521863775662e-05	0	0	0
high	Early	0.138066202090592	0.00130662020905923	0	0.0040650406504065	0	0	0.00116144018583043	0	0.000871080139372822	0.00159698025551684	0	0.00304878048780488	0	0.00232288037166086	0	0.00987224157955865	0.000435540069686411	0.000290360046457607	0.0078397212543554	0	0.0254065040650406	0.00145180023228804	0	0	0.0270034843205575	0.583478513356562	0.00566202090592335	0	0.000435540069686411	0.000290360046457607	0.000580720092915215	0
high	Early	0.182420971472629	0.0038550501156515	0	0	0	0.00015420200462606	0.00123361603700848	0	0.00277563608326908	0.00200462606013878	0	0.000925212027756361	0.00138781804163454	0.00262143407864302	0	0	0.00015420200462606	0	0.0131071703932151	0.00524286815728604	0.00185042405551272	0.000616808018504241	0.000771010023130301	0	0.0354664610639938	0.692212798766384	0.00632228218966847	0	0.00046260601387818	0	0	0
high	Early	0.227145667253339	0.0010353038616834	0	0.00010353038616834	0	0	0.000517651930841702	0	0	0.00165648617869345	0	0.00528004969458536	0.00289885081271353	0.00320944197121855	0	0.000310591158505021	0.000517651930841702	0.00238119888187183	0.00662594471477379	0.00341650274355523	0.00155295579252511	0.00393415467439694	0.000310591158505021	0	0.0266073092452635	0.661455637229527	0.00455533699140698	0	0.00383062428822859	0	0.000517651930841702	0
high	Early	0.120794487231455	0.00121605188488042	0	0.020064856100527	0	0	0	0	0.00141872719902716	0.00172274017024726	0	0.00141872719902716	0.00324280502634779	0.000608025942440211	0	0	0.00101337657073368	0.000405350628293474	0.007701661937576	0.00233076611268747	0.0687069314957438	0.00202675314146737	0.000304012971220105	0	0.0185447912444264	0.466659910822862	0.001925415484394	0.000101337657073368	0.00466153222537495	0.000304012971220105	0	0
low	Early	0.97906515069482	0.000120315225891837	0	9.02364194188775e-05	0	0	0	0	0	3.00788064729592e-05	0	0	0	3.00788064729592e-05	0	0	0.00499308187451122	0	3.00788064729592e-05	0	0.000391024484148469	0	0	0	0.000481260903567346	0.00595560368164591	3.00788064729592e-05	0	0	0	0	0
low	Early	0.9813042510572	4.94596532878305e-05	0	0	0	0	0	0	0	2.47298266439152e-05	0	7.41894799317457e-05	0.000197838613151322	4.94596532878305e-05	0	0	0.00835868140564335	2.47298266439152e-05	0.000123649133219576	4.94596532878305e-05	4.94596532878305e-05	4.94596532878305e-05	2.47298266439152e-05	0	0.000370947399658728	0.00628137596755447	4.94596532878305e-05	0	4.94596532878305e-05	0	0	0
low	Early	0.952937460518004	0	0	0	0	0	0	0	0	0	0	0	0	0	0	0	0.0151610865445357	0	0	0	0	0	0	0	0.000315855969677827	0.0101073910296905	0	0	0	0	0	0
low	Early	0.960756116877162	4.16822975282398e-05	0	0.000479346421574757	0	0	0	0	0	0.000250093785169439	0	8.33645950564795e-05	0.000104205743820599	0	4.16822975282398e-05	2.08411487641199e-05	0.0132966529115085	0	0.000208411487641199	4.16822975282398e-05	0.00235504981034555	0.000104205743820599	0	0	0.000229252636405319	0.00562711016631237	0.000125046892584719	0	8.33645950564795e-05	2.08411487641199e-05	4.16822975282398e-05	0
low	Early	0.940396791895314	2.81412691712396e-05	0	0.00334881103137752	0	0	0	2.81412691712396e-05	0	5.62825383424792e-05	0	8.44238075137189e-05	0.000196988884198677	8.44238075137189e-05	0	0	0	0.000140706345856198	0.000281412691712396	8.44238075137189e-05	0.00605037287181652	0.000140706345856198	5.62825383424792e-05	5.62825383424792e-05	0.00073167299845223	0.0118474743210919	0.000225130153369917	0	0.000281412691712396	0	8.44238075137189e-05	0
low	Early	0.800291545189504	0.00131195335276968	0	0.00102040816326531	0	0.00043731778425656	0	0	0	0	0	0.000145772594752187	0.000291545189504373	0.00116618075801749	0	0.000145772594752187	0	0	0.00174927113702624	0.000583090379008746	0.00612244897959184	0	0.000291545189504373	0	0.00962099125364431	0.139795918367347	0.00145772594752187	0	0.00102040816326531	0	0	0
low	Early	0.97048985757445	2.69745360379801e-05	0	0	0	0	8.09236081139404e-05	0	8.09236081139404e-05	2.69745360379801e-05	0	5.39490720759603e-05	0	0.000107898144151921	0	0	0	0	0.000134872680189901	0	0	2.69745360379801e-05	0	0	0.000647388864911524	0.0146201985325852	0.000188821752265861	0	2.69745360379801e-05	0	0	0
low	Early	0.937478391149015	0.000288118013138181	0	0	0	0	5.76236026276363e-05	2.88118013138181e-05	0	0.000921977642042181	0	0.000172870807882909	0.000230494410510545	0.000144059006569091	0	0.000115247205255273	2.88118013138181e-05	8.64354039414544e-05	0.000720295032845453	0	0.000144059006569091	0.000489800622334908	5.76236026276363e-05	0	0.002218508701164	0.0387230609657716	0.000201682609196727	0	0.000864354039414544	0	0.000115247205255273	0
low	Early	0.994654458366964	0	0	0	0	0	0	0	1.32315386956349e-05	1.32315386956349e-05	0	1.32315386956349e-05	2.64630773912698e-05	0	0	0	0	2.64630773912698e-05	7.93892321738095e-05	0	0	2.64630773912698e-05	0	0	7.93892321738095e-05	0.00220966696217103	0	0	6.61576934781746e-05	0	0	0
low	Early	0.993297178721589	0	0	2.03115796315479e-05	0	0	0	0	0	0	0	0	2.03115796315479e-05	6.09347388946438e-05	0	0	0	0	0	0	6.09347388946438e-05	2.03115796315479e-05	0	0	8.12463185261918e-05	0.00322954116141612	0	0	0	0	0	0
low	Early	0.995502867843293	1.47446955957594e-05	0	0	7.37234779787971e-06	0	0	0	0	7.37234779787971e-06	0	0	0	0	0	0	1.47446955957594e-05	0	3.68617389893986e-05	0	0	0	7.37234779787971e-06	0	5.89787823830377e-05	0.00154819303755474	2.94893911915189e-05	0	5.89787823830377e-05	0	0	0
low	Early	0.99537257276305	4.32469835228993e-05	0	0	0	0	0	8.64939670457986e-05	4.32469835228993e-05	0	0	2.16234917614496e-05	0.000151364442330147	2.16234917614496e-05	0	0	0	0	0	0	2.16234917614496e-05	2.16234917614496e-05	0	0	0	0.0031786532889331	2.16234917614496e-05	0	4.32469835228993e-05	0	0	2.16234917614496e-05
high	Late	0.992613908872902	2.39808153477218e-05	0	0	0	0	0	2.39808153477218e-05	0	0	0	7.19424460431655e-05	0.000143884892086331	0	0	0	0.00230215827338129	0	7.19424460431655e-05	0	0	0	0	0	7.19424460431655e-05	0.00258992805755396	7.19424460431655e-05	0	0	0	0	0
high	Late	0.979851657546018	0	0	0	0	0	0	0	0	0	0	0	0	0	0	0	0.009294016552847	0	2.26131789606983e-05	0	0	0	0	0	0.000158292252724888	0.00104020623219212	0	0	0	2.26131789606983e-05	0	0
low	Late	0.991045240999818	0	0	0	0	2.59558231889324e-05	0	2.59558231889324e-05	0	0	0	0	7.78674695667973e-05	0	0	2.59558231889324e-05	0.00153139356814701	0	0	0	0	0	0	0	2.59558231889324e-05	0.00238793573338178	2.59558231889324e-05	0	2.59558231889324e-05	2.59558231889324e-05	0	0
low	Late	0.987849124601261	0	0	2.43504517008791e-05	0	0	0	0	0	2.43504517008791e-05	0	0	7.30513551026372e-05	0	0	0	0.00136362529524923	0	7.30513551026372e-05	0	0.000365256775513186	0	0	0	0.000170453161906153	0.0020941388462756	0	7.30513551026372e-05	0	0	0	0
low	Late	0.99094601236516	2.58685360995421e-05	0	0	0	0	0	0	0	0.000258685360995421	0	0	0.000129342680497711	0	0	0	0.00124168973277802	7.76056082986264e-05	0.000129342680497711	0	0	5.17370721990843e-05	0	0	0.000336290969294048	0.00341464676513956	2.58685360995421e-05	0	0	0	0	0
low	Late	0.994138390042269	0	0	0	0	0	0	0	0	0	0	0	0	0	0	0	0.00114429835828215	0	4.67060554400878e-05	0	2.33530277200439e-05	0	0	0	0.000163471194040307	0.00175147707900329	2.33530277200439e-05	0	0	2.33530277200439e-05	0	0
low	Late	0.992528158804505	0	0	0	0	0	0	2.78800044608007e-05	0	2.78800044608007e-05	0	0	2.78800044608007e-05	0	0	0	0.00273224043715847	0	2.78800044608007e-05	2.78800044608007e-05	2.78800044608007e-05	0	0	0	0.000111520017843203	0.00139400022304004	0	8.36400133824021e-05	0	0	0	0
low	Late	0.99065985917197	2.41972560311661e-05	0	2.41972560311661e-05	0	0	0	2.41972560311661e-05	0	2.41972560311661e-05	0	2.41972560311661e-05	9.67890241246643e-05	0.00012098628015583	0	0	0.00237133109105427	0	0.000169380792218162	0	7.25917680934982e-05	2.41972560311661e-05	0	0	0.000193578048249329	0.00295206523580226	0	7.25917680934982e-05	0	0	0	0
low	Late	0.986737599280683	2.4976272541086e-05	0	0	0	0	0	0	0	9.99050901643439e-05	0	4.99525450821719e-05	0.00154852889754733	0	0	0	0.00204805434836905	0	4.99525450821719e-05	0	0	2.4976272541086e-05	0	0	0.000349667815575204	0.00272241370697837	4.99525450821719e-05	0	0.000149857635246516	2.4976272541086e-05	0	0
low	Late	0.992362259552616	0	0	4.35198885890852e-05	0	0	0	0	2.17599442945426e-05	6.52798328836278e-05	0	2.17599442945426e-05	2.17599442945426e-05	0.000174079554356341	0	0	0.00115327704761076	2.17599442945426e-05	8.70397771781704e-05	0	0.00050047871877448	2.17599442945426e-05	0	0	0.000239359387239969	0.00191487509791975	0	0.000261119331534511	4.35198885890852e-05	4.35198885890852e-05	2.17599442945426e-05	0
high	Late	0.994395763577213	2.37467645033364e-05	0	0	0	0	0	0	0	0	0	0	2.37467645033364e-05	0	0	0	0.000403694996556719	0	4.74935290066728e-05	0	2.37467645033364e-05	0	2.37467645033364e-05	0	0.000308707938543373	0.00346702761748712	0	0	0	2.37467645033364e-05	0	0
high	Late	0.935273159144893	0	0	4.39869798539632e-05	0	0	0	4.39869798539632e-05	0	2.19934899269816e-05	2.19934899269816e-05	4.39869798539632e-05	4.39869798539632e-05	0	0	0	0.000153954429488871	0	0	6.59804697809448e-05	0.000241928389196798	0	0	0	6.59804697809448e-05	0.00175947919415853	0	0.000219934899269816	4.39869798539632e-05	2.19934899269816e-05	0	0.0276458168382159
high	Late	0.877676223863779	6.26017278076875e-05	0	0	0	0	0	0	0	0	0	0	0	0	0	0	0	0	6.26017278076875e-05	0	0	0	0	0	0.000125203455615375	0.00175284837861525	6.26017278076875e-05	0	3.13008639038437e-05	3.13008639038437e-05	0	0.0747464630023789
low	Late	0.994710657240115	0	0	2.61848651479445e-05	0	0	0	0	0	7.85545954438335e-05	0	0	2.61848651479445e-05	0	0	0	0.000130924325739722	0	2.61848651479445e-05	0	7.85545954438335e-05	2.61848651479445e-05	0	0	2.61848651479445e-05	0.00130924325739722	0	2.61848651479445e-05	0	0	0	2.61848651479445e-05
low	Late	0.993981852972039	0	0	0	0	0	0	0	0	0	0	0	3.08622924510833e-05	0	0	0	6.17245849021665e-05	0	3.08622924510833e-05	0	0.000154311462255416	0	0	0	0.000123449169804333	0.00154311462255416	0	0	0	0	0	9.25868773532498e-05
low	Late	0.993245266695505	0	0	0	3.32745482980069e-05	0	0	0	0	6.65490965960137e-05	0	0	0	0	0	0	9.98236448940206e-05	0	3.32745482980069e-05	0	0	0	0	0	9.98236448940206e-05	0.00123115828702625	3.32745482980069e-05	0	0	0	0	0.000133098193192027
low	Late	0.986537700096159	0	0	0	0	0	0	5.65642853102551e-05	0	2.82821426551276e-05	0	2.82821426551276e-05	8.48464279653827e-05	0	0	0	0.00588268567226653	0	0	0	0	0	0	0	0.00011312857062051	0.00169692855930765	2.82821426551276e-05	0	0	0	0	8.48464279653827e-05
low	Late	0.985481406011207	0	0	0	0	0	0	0	3.18390219052471e-05	6.36780438104941e-05	0	0	3.18390219052471e-05	0	0	0	0.000987009679062659	0	3.18390219052471e-05	0	0	0	9.55170657157412e-05	0	6.36780438104941e-05	0.000891492613346918	0	0	0	0	0	0.000159195109526235
low	Late	0.991646604983032	0	0	0	0	0	0	8.70145314267483e-05	0	0	0	0	0	0	0	0	0.00229138266090437	0	0	0	0	0	2.90048438089161e-05	0	0.000116019375235664	0.000986164689503147	0	0	0	0	0	0.000203033906662413
low	Late	0.989768012070917	0	0	3.4927420819537e-06	0	0	5.23911312293055e-06	1.04782262458611e-05	1.74637104097685e-06	8.73185520488425e-06	0	3.4927420819537e-06	3.4927420819537e-05	0	0	0	0.00180574765637006	0	1.39709683278148e-05	0	2.27028235326991e-05	1.04782262458611e-05	0	0	0.000118753230786426	0.00113339480559398	1.04782262458611e-05	5.23911312293055e-06	0	1.2224597286838e-05	0	5.23911312293055e-06
low	Late	0.99434599215345	0	0	0	0	0	0	7.0183811402062e-06	0	8.42205736824744e-06	0	0	4.35139630692784e-05	0	0	0	0.000571296224812785	1.40367622804124e-06	1.26330860523712e-05	0	0	0	4.21102868412372e-06	0	7.15874876301032e-05	0.00107802334313567	1.40367622804124e-05	0	0	0	0	8.42205736824744e-06
high	Late	0.985502360080917	0	0	0	3.74616018580955e-05	0	0	0	3.74616018580955e-05	0	0	0	3.74616018580955e-05	0	0	0	0.0016483104817562	0	7.49232037161909e-05	3.74616018580955e-05	0	0	0	0	0.000337154416722859	0.00550685547314003	0.000149846407432382	0	0	7.49232037161909e-05	0	0.000149846407432382
high	Late	0.993200725255973	0	0	0	0	0	0	0	0	0	0	5.33276450511945e-05	7.99914675767918e-05	0	0	0	0.000719923208191126	0	0	0	0	2.66638225255973e-05	0	0	0.000373293515358362	0.00378626279863481	5.33276450511945e-05	0	5.33276450511945e-05	2.66638225255973e-05	5.33276450511945e-05	7.99914675767918e-05
high	Late	0.812071053693985	3.67012882152164e-05	0	1.83506441076082e-05	0	0	0	0	1.83506441076082e-05	0.000146805152860865	0	0	0	0.000165155796968474	0	0	0.000330311593936947	1.83506441076082e-05	5.50519323228245e-05	0	0.000238558373398906	0	0	0	0.000330311593936947	0.0102947113443682	0.000110103864645649	7.34025764304327e-05	0.000165155796968474	0	0	0.0589055675854223
high	Late	0.929312825052562	4.42624764855594e-05	0	2.21312382427797e-05	0	0	0	0	2.21312382427797e-05	4.42624764855594e-05	0	0	0	2.21312382427797e-05	0	0	6.63937147283391e-05	0	0	2.21312382427797e-05	2.21312382427797e-05	0	0	0	0.000331968573641695	0.00369591678654421	2.21312382427797e-05	2.21312382427797e-05	0	0	0	0.031138652207591
low	Late	0.980048722593541	6.24648635142732e-05	0	4.99718908114186e-05	1.24929727028546e-05	0	0	0	0	0	0	1.24929727028546e-05	0	1.24929727028546e-05	0	0	0.00822037603847836	0	1.24929727028546e-05	0	7.49578362171279e-05	0	0	0	0.000224873508651384	0.00368542694734212	1.24929727028546e-05	3.74789181085639e-05	1.24929727028546e-05	2.49859454057093e-05	1.24929727028546e-05	0
low	Late	0.987883788595996	0	0	0	0	0	0	0	0	0	0	0.000412559169670387	0	4.34272810179355e-05	0	2.17136405089677e-05	0.00232335953445955	0	4.34272810179355e-05	0	0.000238850045598645	0	0	0	0.000455986450688322	0.0034958961219438	2.17136405089677e-05	4.34272810179355e-05	2.17136405089677e-05	0	0.000282277326616581	0
low	Late	0.988338086501608	0	0	0	0	0	1.81649742965614e-05	0	0	0	0	0	0	1.81649742965614e-05	0	0	0.00474105829140252	0	1.81649742965614e-05	0	0	1.81649742965614e-05	0	0	7.26598971862455e-05	0.00188915732684238	0	1.81649742965614e-05	1.81649742965614e-05	0	0	1.81649742965614e-05
low	Late	0.966796622860241	0	0	0	0	0	0	0	0	0	0	0	0	1.29095556530944e-05	0	0	0.0135937621027084	0	5.16382226123777e-05	0	0	0	0	0	0.000245281557408794	0.00303374557847719	0	0	0	0	0	1.29095556530944e-05
high	Late	0.99089763338468	0	0	0	0	0	0	0	3.11192021036581e-05	0	0	0	3.11192021036581e-05	4.66788031554871e-05	0	0	0.000622384042073161	4.66788031554871e-05	3.11192021036581e-05	0	3.11192021036581e-05	1.5559601051829e-05	0	0	0.00015559601051829	0.00328307582193593	0	0	7.77980052591451e-05	0	0	0
high	Late	0.98968192824125	0	0	5.50297160466652e-05	0	0	1.37574290116663e-05	0	0	0	0	0	2.75148580233326e-05	4.12722870349989e-05	0	0	0.00189852520360995	0	4.12722870349989e-05	1.37574290116663e-05	1.37574290116663e-05	0	0	0	0.000178846577151662	0.00246257979308827	2.75148580233326e-05	4.12722870349989e-05	1.37574290116663e-05	0	0	1.37574290116663e-05
high	Late	0.983162189261142	1.15248533462412e-05	0	0	0	0	0	0	0	3.45745600387235e-05	0	0	0	0	0	0	0.00282358906982909	0	0	0	0	1.15248533462412e-05	0	0	0.000265071626963547	0.003584229390681	0.000115248533462412	0	1.15248533462412e-05	0	0	0
high	Late	0.991978200725716	5.56103935825606e-05	0	2.78051967912803e-05	1.39025983956401e-05	1.39025983956401e-05	0	0	0	0	0	1.39025983956401e-05	6.95129919782007e-05	0	0	0	0.00158489621710298	0	1.39025983956401e-05	0	6.95129919782007e-05	0	0	0	9.7318188769481e-05	0.0022522209400937	2.78051967912803e-05	4.17077951869204e-05	0	0	0	1.39025983956401e-05
high	Late	0.986805495797837	0	0	0	0	0	0	0	0	4.30255571809655e-05	0	4.30255571809655e-05	0	0.000114734819149241	0	0	0.0043168975704902	1.43418523936552e-05	2.86837047873103e-05	0	0.000243811490692138	4.30255571809655e-05	0	0	0.000215127785904827	0.00258153343085793	2.86837047873103e-05	2.86837047873103e-05	8.6051114361931e-05	0	0	0
high	Late	0.844580777096115	0	0	0	0	0	0	0	0	0	0	0	0	0	0	0	0	0	0	0	0	0	0	0	0	0	0	0	0	0	0	0.00408997955010225
high	Late	0.982325923916203	1.93794693901281e-05	0	0	0	0	0	0	2.90692040851921e-05	5.81384081703843e-05	0	1.93794693901281e-05	9.68973469506405e-06	1.93794693901281e-05	0	0	0.00450572663320478	0	3.87589387802562e-05	0	5.81384081703843e-05	0	0	1.93794693901281e-05	0.000319761244937114	0.00480610840875177	3.87589387802562e-05	0	1.93794693901281e-05	0	0	9.68973469506405e-06
low	Late	0.994811687356901	0	0	2.10053143445292e-05	0	0	0	0	0	0	0	0	0	0	0	0	0.00218455269183103	0	0	0	6.30159430335875e-05	0	0	0	0	0.000714180687713992	0	2.10053143445292e-05	0.000126031886067175	0	0	0
low	Late	0.991281226106109	3.42360231435516e-05	0	4.56480308580689e-05	0	0	0	0	0	0.000114120077145172	0	7.98840540016205e-05	0	0.000125532084859689	0	0	0.0025220537049083	0.000148356100288724	6.84720462871033e-05	7.98840540016205e-05	0.000308124208291965	0	1.14120077145172e-05	0	0.000182592123432275	0.00235087358919055	4.56480308580689e-05	0.000148356100288724	7.98840540016205e-05	0	0	0
low	Late	0.983521610514404	1.98534813079473e-05	0	0	0	1.98534813079473e-05	0	0	3.97069626158947e-05	3.97069626158947e-05	0	0	9.92674065397367e-05	3.97069626158947e-05	0	0	0.00351406619150668	0	0.000158827850463579	0	0	1.98534813079473e-05	0	0	0.000337509182235105	0.00426849848120868	5.9560443923842e-05	0	1.98534813079473e-05	0	0	0
low	Late	0.971360155077063	0	0	0	1.90045420855584e-05	0	0	0	5.70136262566753e-05	0	1.90045420855584e-05	0	0	1.90045420855584e-05	0	0	0.00496018548433075	0	7.60181683422338e-05	0	0	0	0	0	7.60181683422338e-05	0.00423801288507953	5.70136262566753e-05	0	3.80090841711169e-05	0	0	0
low	Late	0.989657347937158	2.06853041256839e-05	0	0	1.0342652062842e-05	0	0	0	1.0342652062842e-05	0	0	2.06853041256839e-05	0	3.10279561885259e-05	0	0	0.00303039705441269	0	4.13706082513678e-05	0	2.06853041256839e-05	1.0342652062842e-05	0	0	0.000186167737131155	0.00255463505952196	8.27412165027356e-05	0	2.06853041256839e-05	0	0	0
low	Late	0.927964636365003	4.51066772917951e-05	0	3.00711181945301e-05	0	0	0	0	1.5035559097265e-05	7.51777954863252e-05	0	3.00711181945301e-05	0	3.00711181945301e-05	0	0	0.0337247590551655	0	9.02133545835902e-05	0	0.000135320031875385	4.51066772917951e-05	0	0	0.000255604504653506	0.0036987475379272	9.02133545835902e-05	9.02133545835902e-05	1.5035559097265e-05	0	1.5035559097265e-05	0
low	Late	0.982782668686354	0	0	0	0	0	0	0	0	1.49976753603192e-05	0	1.49976753603192e-05	2.99953507206383e-05	5.99907014412766e-05	0	0	0.00685393763966585	0	1.49976753603192e-05	0	0	0	0	0	0.000134979078242872	0.00167973964035574	1.49976753603192e-05	0	2.99953507206383e-05	0	0	0
low	Late	0.973518236718443	0.000488098997961469	0	0	9.57056858747978e-06	0	0	0	0	3.82822743499191e-05	0	3.82822743499191e-05	3.82822743499191e-05	0	0	0.000363681606324232	0.00860394116014432	9.57056858747978e-06	1.91411371749596e-05	1.91411371749596e-05	0	5.74234115248787e-05	0	0	5.74234115248787e-05	0.0016078555226966	1.91411371749596e-05	0	7.65645486998383e-05	0	0	0
low	Late	0.939810139365785	0.000201979398101394	0	0	0	0	0	0	0	0.000151484548576045	0	0.000403958796202787	0.000858412441930923	0.000353463946677439	0	0	0.000605938194304181	0	0	0	0	0	0	0	0.00201979398101394	0.0522116744092103	0.000555443344778833	0	0.00095940214098162	0	0	0
low	Late	0.989253498645087	0	0	0	0	1.85604513901778e-05	0	0	0	0	0	0	0	5.56813541705334e-05	0	0	0.00506700322951854	0	1.85604513901778e-05	0	0	0	0	0	7.42418055607112e-05	0.0028397490626972	3.71209027803556e-05	0	5.56813541705334e-05	0	0	0
low	Late	0.981097130761994	0	0	0	0	0	0	0	9.79931012856695e-06	0	0	9.79931012856695e-06	1.95986202571339e-05	1.95986202571339e-05	0	0	0.00382173095014111	1.95986202571339e-05	5.87958607714017e-05	0	0	0	0	0	0.000176387582314205	0.00197946064597052	1.95986202571339e-05	0	0	0	0	0
low	Late	0.993328616193268	5.05407864146366e-05	0	6.73877152195155e-05	0	0	0	0	0	0	0	3.36938576097577e-05	0	0	0	0	0.0011961319451464	1.68469288048789e-05	3.36938576097577e-05	0	0.000471714006536608	0	0	0	0.000168469288048789	0.00284713096802453	1.68469288048789e-05	0.000101081572829273	1.68469288048789e-05	0	0.000117928501634152	0
